SELECT * FROM business;
SELECT * FROM businesscontact;
SELECT * FROM couriercompany;
SELECT * FROM couriercompanycontact;
SELECT * FROM fleetmanager;
SELECT * FROM fleetmanagercontact;
SELECT * FROM portauthority;
SELECT * FROM portauthoritycontact;
SELECT * FROM customer;
SELECT * FROM customercontact;
SELECT * FROM personnel;
SELECT * FROM personnelcontact;
SELECT * FROM fleet;
SELECT * FROM worker;
SELECT * FROM workercontact;
SELECT * FROM receiver;
SELECT * FROM receivercontact;
SELECT * FROM insurance;
SELECT * FROM inventory;
SELECT * FROM shipment;
SELECT * FROM personneloperatesfleet;
SELECT * FROM portauthorityprocessshipments;
SELECT * FROM couriercompanyshipsshipment;
SELECT * FROM workerloadsfleet;

DELETE FROM business WHERE b_id=1;

SELECT * FROM couriercompanycontact WHERE cc_id=100;

DELETE FROM fleet WHERE fleet_id=1;

DELETE FROM worker WHERE w_id=1;

DELETE FROM worker WHERE w_id IN(1,2,3);

DELETE FROM receivercontact WHERE recon_id=1;

DELETE FROM shipment WHERE s_id=1;

DELETE FROM insurance WHERE i_id=1;



INSERT INTO Business (b_id, name, address, email) VALUES
    (1, 'Global Freight Logistics', '123 Queen Street, London, UK', 'info@globalfreight.co.uk'),
    (2, 'TransAsia Cargo', '45 Yanan East Road, Shanghai, China', 'contact@transasiacargo.cn'),
    (3, 'AmeriShip Logistics', '100 Market Street, San Francisco, USA', 'support@ameriship.com'),
    (4, 'Express Freight Solutions', '78 Rue de Lyon, Paris, France', 'contact@expressfreight.fr'),
    (5, 'Nippon Cargo Lines', '25 Chuo-dori, Tokyo, Japan', 'info@nipponcargo.jp'),
    (6, 'Red Dot Transport', '50 Clarke Quay, Singapore', 'support@reddot.sg'),
    (7, 'EuroTrans International', '89 Karl Marx Strasse, Berlin, Germany', 'info@eurotrans.de'),
    (8, 'Alpha Logistics India', '45 Connaught Place, New Delhi, India', 'contact@alphalogistics.in'),
    (9, 'NorthernStar Freight', '15 Bay Street, Toronto, Canada', 'info@northernstar.ca'),
    (10, 'CargoTech Solutions', '35 Via Dante, Milan, Italy', 'support@cargotech.it'),
    (11, 'Aussie Freight Services', '200 Collins Street, Melbourne, Australia', 'info@aussiefreight.au'),
    (12, 'Middle East Movers', '22 Sheikh Zayed Road, Dubai, UAE', 'contact@me-movers.ae'),
    (13, 'South Sea Shipping', '78 Queen Street, Auckland, New Zealand', 'support@southsea.co.nz'),
    (14, 'BrasCargo', '12 Avenida Paulista, Sao Paulo, Brazil', 'info@brascargo.br'),
    (15, 'Afrilogistics', '66 Victoria Island, Lagos, Nigeria', 'contact@afrilogistics.ng'),
    (16, 'TransNordic', '90 Västra Hamngatan, Gothenburg, Sweden', 'info@transnordic.se'),
    (17, 'EastAsia Logistics', '55 Dongdaemun, Seoul, South Korea', 'contact@eastasia.kr'),
    (18, 'SouthAmerican Logistics', '5 Calle 100, Bogota, Colombia', 'support@southamericanlogistics.co'),
    (19, 'GlobeX Cargo', '10 Independence Ave, Lagos, Nigeria', 'info@globexcargo.ng'),
    (20, 'Swiss Global Logistics', '70 Rue du Mont-Blanc, Geneva, Switzerland', 'support@swissglobal.ch'),
    (21, 'Arctic Freight', '40 Svalbard Street, Oslo, Norway', 'info@arcticfreight.no'),
    (22, 'IndoPak Logistics', '14 Shahrah-e-Faisal, Karachi, Pakistan', 'support@indopaklogistics.pk'),
    (23, 'Alpine Movers', '15 Seefeldstrasse, Zurich, Switzerland', 'contact@alpinemovers.ch'),
    (24, 'Central America Freight', '20 Calle Arce, San Salvador, El Salvador', 'info@centralfreight.sv'),
    (25, 'PanAfrica Cargo', '14 Uhuru Avenue, Nairobi, Kenya', 'contact@panafrica.co.ke'),
    (26, 'Nile Transport Co.', '10 Ramses Square, Cairo, Egypt', 'support@niletransport.eg'),
    (27, 'Baltic Sea Logistics', '88 Parnu Road, Tallinn, Estonia', 'info@balticsea.ee'),
    (28, 'Lanka Logistics', '22 Galle Road, Colombo, Sri Lanka', 'support@lankalogistics.lk'),
    (29, 'Korea Freight Masters', '30 Incheon Road, Seoul, South Korea', 'info@koreafreight.co.kr'),
    (30, 'Arabia Cargo Services', '55 Tahlia Street, Jeddah, Saudi Arabia', 'contact@arabiacargo.sa'),
    (31, 'Delta Shipping', '400 Canal Street, New Orleans, USA', 'info@deltashipping.com'),
    (32, 'Movers of Europe', '90 King Way, Edinburgh, Scotland', 'support@moversofeurope.co.uk'),
    (33, 'SeaStar Global', '99 Pier 1, Sydney, Australia', 'contact@seastarglobal.au'),
    (34, 'Tiger Freight', '44 Orchid Road, Singapore', 'info@tigerfreight.sg'),
    (35, 'Petra Logistics', '50 Al-Hussein Street, Amman, Jordan', 'support@petralogistics.jo'),
    (36, 'Great Lakes Cargo', '600 Lakeview Drive, Chicago, USA', 'contact@greatlakescargo.com'),
    (37, 'TransPolar Freight', '25 Icefjord Road, Nuuk, Greenland', 'support@transpolar.gl'),
    (38, 'Mediterranean Movers', '20 Piazza Venezia, Rome, Italy', 'contact@medmovers.it'),
    (39, 'Top Cargo PH', '60 Ayala Ave, Makati City, Philippines', 'info@topcargoph.ph'),
    (40, 'Inland China Logistics', '100 Jinshan Road, Beijing, China', 'contact@inlandchina.cn'),
    (41, 'Mexico Logistics', '78 Reforma Avenue, Mexico City, Mexico', 'info@mexicologistics.mx'),
    (42, 'Sahel Transport', '10 Rue des Jardins, Bamako, Mali', 'contact@saheltransport.ml'),
    (43, 'Himalaya Freight', '50 Ring Road, Kathmandu, Nepal', 'info@himalayafreight.np'),
    (44, 'PakAfrica Freight', '5 Bole Road, Addis Ababa, Ethiopia', 'support@pakafricafreight.et'),
    (45, 'North Sea Carriers', '75 Nyhavn, Copenhagen, Denmark', 'contact@northseacarriers.dk'),
    (46, 'Silk Road Cargo', '77 Tashkent Road, Almaty, Kazakhstan', 'info@silkroadcargo.kz'),
    (47, 'Maple Freight', '34 Yonge Street, Toronto, Canada', 'support@maplefreight.ca'),
    (48, 'West African Logistics', '50 Water Street, Accra, Ghana', 'contact@westafricalogistics.gh'),
    (49, 'Viking Logistics', '90 Bergen Drive, Bergen, Norway', 'info@vikinglogistics.no'),
    (50, 'Oceania Cargo', '75 Beach Street, Suva, Fiji', 'support@oceaniacargo.fj'),
    (51, 'Unity Transport', '12 2nd Avenue, Harare, Zimbabwe', 'contact@unitytransport.zw'),
    (52, 'Cascade Transport', '80 Salmon Drive, Seattle, USA', 'info@cascadetransport.com'),
    (53, 'Blue Sky Logistics', '40 Bourke Street, Melbourne, Australia', 'contact@blueskylogistics.au'),
    (54, 'Iron Silk Logistics', '35 Great Wall Road, Beijing, China', 'support@ironsilk.cn'),
    (55, 'Atlantic Cargo Services', '200 Fleet Street, Dublin, Ireland', 'info@atlanticcargo.ie'),
    (56, 'Tundra Trans', '5 Arctic Road, Helsinki, Finland', 'contact@tundratrans.fi'),
    (57, 'Highland Logistics', '10 Highland Avenue, Glasgow, Scotland', 'info@highlandlogistics.co.uk'),
    (58, 'Sahara Carriers', '8 Rue de Timbuktu, Rabat, Morocco', 'contact@saharacarriers.ma'),
    (59, 'South Island Movers', '45 Queenstown Road, Christchurch, New Zealand', 'support@southislandmovers.nz'),
    (60, 'Iberia Logistics', '100 Gran Via, Madrid, Spain', 'info@iberialogistics.es'),
    (61, 'Andes Transport', '30 Avenida Libertador, Buenos Aires, Argentina', 'support@andestransport.ar'),
    (62, 'Northern Lights Freight', '22 Aurora Blvd, Reykjavik, Iceland', 'contact@northernfreight.is'),
    (63, 'Pacific Rim Logistics', '55 Bay Street, Vancouver, Canada', 'info@pacificrimlogistics.ca'),
    (64, 'Safari Movers', '20 Uhuru Highway, Nairobi, Kenya', 'support@safarimovers.co.ke'),
    (65, 'Baltic Transport Group', '100 Baltic Street, Riga, Latvia', 'info@balticgroup.lv'),
    (66, 'Sinbad Freight', '34 Sultan Road, Muscat, Oman', 'support@sinbadfreight.om'),
    (67, 'Rocky Mountain Cargo', '400 Broad Street, Denver, USA', 'info@rockymountaincargo.com'),
    (68, 'Greenland Express', '45 Nuuk Street, Nuuk, Greenland', 'contact@greenlandexpress.gl'),
    (69, 'Chilean Freight', '20 Andes Way, Santiago, Chile', 'info@chileanfreight.cl'),
    (70, 'Eastern Sea Logistics', '55 North Quay, Tallinn, Estonia', 'support@easternsea.ee'),
    (71, 'Desert Sky Cargo', '100 Airport Road, Phoenix, USA', 'info@desertskycargo.com'),
    (72, 'Ganges Logistics', '10 MG Road, Mumbai, India', 'support@gangeslogistics.in'),
    (73, 'Ural Freight', '44 Lenin Avenue, Yekaterinburg, Russia', 'contact@uralfreight.ru'),
    (74, 'Crusader Cargo', '20 Empire Street, Jerusalem, Israel', 'info@crusadercargo.il'),
    (75, 'Kilimanjaro Logistics', '35 Independence Ave, Dar es Salaam, Tanzania', 'support@kililogistics.tz'),
    (76, 'Lynx Cargo', '10 Caribbean Blvd, Kingston, Jamaica', 'info@lynxcargo.jm'),
    (77, 'Bering Sea Transport', '25 Nome Street, Anchorage, USA', 'contact@beringsea.com'),
    (78, 'Orient Express Freight', '40 Forbidden City Rd, Beijing, China', 'support@orientexpress.cn'),
    (79, 'Sargasso Sea Shipping', '88 Bermuda St, Hamilton, Bermuda', 'info@sargassosea.bm'),
    (80, 'Mekong Freight', '50 Binh Thanh, Ho Chi Minh City, Vietnam', 'contact@mekongfreight.vn'),
    (81, 'Timberline Transport', '77 Maple Ave, Montreal, Canada', 'info@timberline.ca'),
    (82, 'Danube Carriers', '89 Central Plaza, Budapest, Hungary', 'contact@danubecarriers.hu'),
    (83, 'Copper Canyon Cargo', '10 Villa Road, Chihuahua, Mexico', 'support@coppercanyon.mx'),
    (84, 'Bosphorus Logistics', '60 Ataturk Avenue, Istanbul, Turkey', 'info@bosphoruslogistics.tr'),
    (85, 'North Star Shipping', '100 White Pass St, Anchorage, USA', 'contact@northstarshipping.com'),
    (86, 'Siberia Cargo', '44 Yenisey Road, Irkutsk, Russia', 'support@siberiacargo.ru'),
    (87, 'Aravalli Movers', '60 Golden Temple Road, Amritsar, India', 'contact@aravallimovers.in'),
    (88, 'Phoenix Freight Solutions', '150 Desert Drive, Tucson, USA', 'support@phoenixfreight.com'),
    (89, 'Alp Freight Systems', '30 Interlaken Rd, Bern, Switzerland', 'info@alpfreight.ch'),
    (90, 'Costa Rica Cargo', '25 Avenida Colon, San Jose, Costa Rica', 'contact@costaricacargo.cr'),
    (91, 'Nile Valley Logistics', '60 Nile Street, Khartoum, Sudan', 'info@nilevalley.sd'),
    (92, 'Silicon Bay Freight', '55 Stanford Road, San Jose, USA', 'support@siliconbay.com'),
    (93, 'Rhine River Transport', '88 River Street, Frankfurt, Germany', 'contact@rhinetransport.de'),
    (94, 'Polar Express Cargo', '100 Arctic Blvd, Iqaluit, Canada', 'info@polarexpress.ca'),
    (95, 'Himalayan Haulers', '200 Sherpa Ave, Thimphu, Bhutan', 'support@himalayanhaulers.bt'),
    (96, 'Lion Heart Cargo', '25 Cape Town Way, Cape Town, South Africa', 'contact@lionheartcargo.za'),
    (97, 'Quetzal Transport', '30 Avenida de la Reforma, Guatemala City, Guatemala', 'info@quetzal.gt'),
    (98, 'Emerald Freight', '15 Green Lane, Dublin, Ireland', 'support@emeraldfreight.ie'),
    (99, 'Sahara Sands', '10 Al Manama Rd, Doha, Qatar', 'contact@saharasands.qa'),
    (100, 'Aztec Logistics', '10 Avenida Tenochtitlan, Mexico City, Mexico', 'info@azteclogistics.mx');


INSERT INTO BusinessContact (buscon_id, b_id, phone_no) VALUES
    (1, 1, '1234567890'),
    (2, 2, '2345678901'),
    (3, 3, '3456789012'),
    (4, 4, '4567890123'),
    (5, 5, '5678901234'),
    (6, 6, '6789012345'),
    (7, 7, '7890123456'),
    (8, 8, '8901234567'),
    (9, 9, '9012345678'),
    (10, 10, '0123456789'),
    (11, 11, '1123456789'),
    (12, 12, '1223456789'),
    (13, 13, '1323456789'),
    (14, 14, '1423456789'),
    (15, 15, '1523456789'),
    (16, 16, '1623456789'),
    (17, 17, '1723456789'),
    (18, 18, '1823456789'),
    (19, 19, '1923456789'),
    (20, 20, '2023456789'),
    (21, 21, '2123456789'),
    (22, 22, '2223456789'),
    (23, 23, '2323456789'),
    (24, 24, '2423456789'),
    (25, 25, '2523456789'),
    (26, 26, '2623456789'),
    (27, 27, '2723456789'),
    (28, 28, '2823456789'),
    (29, 29, '2923456789'),
    (30, 30, '3023456789'),
    (31, 31, '3123456789'),
    (32, 32, '3223456789'),
    (33, 33, '3323456789'),
    (34, 34, '3423456789'),
    (35, 35, '3523456789'),
    (36, 36, '3623456789'),
    (37, 37, '3723456789'),
    (38, 38, '3823456789'),
    (39, 39, '3923456789'),
    (40, 40, '4023456789'),
    (41, 41, '4123456789'),
    (42, 42, '4223456789'),
    (43, 43, '4323456789'),
    (44, 44, '4423456789'),
    (45, 45, '4523456789'),
    (46, 46, '4623456789'),
    (47, 47, '4723456789'),
    (48, 48, '4823456789'),
    (49, 49, '4923456789'),
    (50, 50, '5023456789'),
    (51, 51, '5123456789'),
    (52, 52, '5223456789'),
    (53, 53, '5323456789'),
    (54, 54, '5423456789'),
    (55, 55, '5523456789'),
    (56, 56, '5623456789'),
    (57, 57, '5723456789'),
    (58, 58, '5823456789'),
    (59, 59, '5923456789'),
    (60, 60, '6023456789'),
    (61, 61, '6123456789'),
    (62, 62, '6223456789'),
    (63, 63, '6323456789'),
    (64, 64, '6423456789'),
    (65, 65, '6523456789'),
    (66, 66, '6623456789'),
    (67, 67, '6723456789'),
    (68, 68, '6823456789'),
    (69, 69, '6923456789'),
    (70, 70, '7023456789'),
    (71, 71, '7123456789'),
    (72, 72, '7223456789'),
    (73, 73, '7323456789'),
    (74, 74, '7423456789'),
    (75, 75, '7523456789'),
    (76, 76, '7623456789'),
    (77, 77, '7723456789'),
    (78, 78, '7823456789'),
    (79, 79, '7923456789'),
    (80, 80, '8023456789'),
    (81, 81, '8123456789'),
    (82, 82, '8223456789'),
    (83, 83, '8323456789'),
    (84, 84, '8423456789'),
    (85, 85, '8523456789'),
    (86, 86, '8623456789'),
    (87, 87, '8723456789'),
    (88, 88, '8823456789'),
    (89, 89, '8923456789'),
    (90, 90, '9023456789'),
    (91, 91, '9123456789'),
    (92, 92, '9223456789'),
    (93, 93, '9323456789'),
    (94, 94, '9423456789'),
    (95, 95, '9523456789'),
    (96, 96, '9623456789'),
    (97, 97, '9723456789'),
    (98, 98, '9823456789'),
    (99, 99, '9923456789'),
    (100, 100, '0023456789'),
    (101, 1, '1987654321'),
    (102, 10, '1234509876'),
    (103, 20, '1122334455'),
    (104, 30, '2233445566'),
    (105, 40, '3344556677'),
    (106, 50, '4455667788'),
    (107, 60, '5566778899'),
    (108, 70, '6677889900'),
    (109, 80, '7788990011'),
    (110, 90, '8899001122');

INSERT INTO CourierCompany (cc_id, b_id, name, email, address) VALUES
    (1, 1, 'FastTrack Logistics', 'contact@fasttracklogistics.com', '1234 Main Street, New York, NY 10001'),
    (2, 2, 'Global Freight Solutions', 'info@globalfreightsolutions.com', '4321 Maple Avenue, Los Angeles, CA 90001'),
    (3, 3, 'BlueLine Couriers', 'support@bluelinecouriers.com', '221B Baker Street, London, UK'),
    (4, 4, 'Cargo Express', 'service@cargoexpress.com', '77 Queen’s Road, Sydney, Australia'),
    (5, 5, 'Speedy Delivery Co.', 'contact@speedydelivery.com', '54 King Street, Toronto, Canada'),
    (6, 6, 'TransPort Logistics', 'info@transportlogistics.com', '3001 Oak Road, Berlin, Germany'),
    (7, 7, 'JetSet Couriers', 'service@jetsetcouriers.com', '15 High Street, Paris, France'),
    (8, 8, 'Velocity Cargo', 'contact@velocitycargo.com', '850 Riverside Drive, New York, NY 10024'),
    (9, 9, 'SwiftMove Logistics', 'info@swiftmovelogistics.com', '33 Rue de Rivoli, Paris, France'),
    (10, 10, 'Express Courier Services', 'support@expresscourierservices.com', '22 Central Boulevard, London, UK'),
    (11, 11, 'RedLine Shipping', 'contact@redlineshipping.com', '110 Cherry Lane, Toronto, Canada'),
    (12, 12, 'Oceanic Logistics', 'info@oceaniclogistics.com', '200 Sea Breeze Road, Sydney, Australia'),
    (13, 13, 'Premier Freight', 'support@premierfreight.com', '1180 Rose Avenue, Los Angeles, CA 90035'),
    (14, 14, 'SkyHigh Couriers', 'contact@skyhighcouriers.com', '340 Oakwood Drive, Berlin, Germany'),
    (15, 15, 'Nationwide Cargo', 'info@nationwidecargo.com', '67 Pine Street, Toronto, Canada'),
    (16, 16, 'DirectShip Express', 'contact@directshipexpress.com', '1025 Sunset Blvd, Los Angeles, CA 90028'),
    (17, 17, 'GlobalReach Freight', 'info@globalreachfreight.com', '5 Spring Road, Paris, France'),
    (18, 18, 'QuickShip International', 'support@quickshipinternational.com', '78 North Road, Sydney, Australia'),
    (19, 19, 'WorldWide Cargo', 'contact@worldwidecargo.com', '92 Empire Avenue, London, UK'),
    (20, 20, 'Rapid Logistics', 'info@rapidlogistics.com', '11 King’s Road, New York, NY 10022'),
    (21, 21, 'United Express', 'service@unitedexpress.com', '1500 Main Street, Toronto, Canada'),
    (22, 22, 'Xpress Couriers', 'contact@xpresscouriers.com', '75 Royal Plaza, Berlin, Germany'),
    (23, 23, 'PrimeShip Couriers', 'info@primeshipcouriers.com', '1850 Oak Lane, Los Angeles, CA 90029'),
    (24, 24, 'Mega Freight Solutions', 'service@megafreightsolutions.com', '920 Park Avenue, Paris, France'),
    (25, 25, 'CoastLine Cargo', 'contact@coastlinecargo.com', '123 Beach Road, Sydney, Australia'),
    (26, 26, 'Fast Delivery Network', 'info@fastdeliverynetwork.com', '80 Vine Street, Toronto, Canada'),
    (27, 27, 'QuickLine Shipping', 'support@quicklineshipping.com', '450 Seaside Drive, Berlin, Germany'),
    (28, 28, 'TrackSwift Logistics', 'contact@trackswiftlogistics.com', '340 Elm Street, London, UK'),
    (29, 29, 'Velocity Freight Services', 'info@velocityfreightservices.com', '750 Fifth Avenue, New York, NY 10001'),
    (30, 30, 'Expedite Logistics', 'service@expeditelogistics.com', '34 Broad Street, Sydney, Australia'),
    (31, 31, 'ExpressGo Logistics', 'contact@expressgologistics.com', '20 Liberty Street, Paris, France'),
    (32, 32, 'ProShip Express', 'info@proshipexpress.com', '57 Rosewood Drive, Toronto, Canada'),
    (33, 33, 'QuickFlow Logistics', 'service@quickflowlogistics.com', '12 Park Road, Berlin, Germany'),
    (34, 34, 'AllWays Freight', 'contact@allwaysfreight.com', '300 Oakwood Avenue, Los Angeles, CA 90007'),
    (35, 35, 'FastLane Couriers', 'info@fastlanecouriers.com', '1127 Maple Drive, Paris, France'),
    (36, 36, 'Logispeed Couriers', 'support@logispeedcouriers.com', '211 Riverside Drive, Toronto, Canada'),
    (37, 37, 'PrimeTrans Logistics', 'contact@primetranslogistics.com', '1800 King’s Way, Sydney, Australia'),
    (38, 38, 'RapidExpress Cargo', 'info@rapidexpresscargo.com', '1250 Fifth Avenue, Berlin, Germany'),
    (39, 39, 'CargoAce Couriers', 'support@cargoacecouriers.com', '450 Grand Boulevard, Los Angeles, CA 90024'),
    (40, 40, 'Fleet Express', 'contact@fleetexpress.com', '89 North Street, Paris, France'),
    (41, 41, 'International Logistics Corp', 'info@internationallogisticscorp.com', '650 Ocean Drive, Toronto, Canada'),
    (42, 42, 'SpeedShip Freight', 'support@speedshipfreight.com', '500 Green Road, Berlin, Germany'),
    (43, 43, 'DirectShip Couriers', 'contact@directshipcouriers.com', '77 Central Avenue, Los Angeles, CA 90032'),
    (44, 44, 'WorldLink Logistics', 'info@worldlinklogistics.com', '101 Parkside Road, Paris, France'),
    (45, 45, 'FastMove Cargo', 'service@fastmovecargo.com', '1208 Sunset Avenue, Toronto, Canada'),
    (46, 46, 'CargoSwift Shipping', 'contact@cargoswiftshipping.com', '640 Oak Ridge, Sydney, Australia'),
    (47, 47, 'RapidForce Logistics', 'info@rapidforcelogistics.com', '89 Riverside Lane, Berlin, Germany'),
    (48, 48, 'ExpressJet Cargo', 'support@expressjetcargo.com', '540 Queen’s Drive, Los Angeles, CA 90031'),
    (49, 49, 'Skyline Freight', 'contact@skylinefreight.com', '33 Pinehill Avenue, Paris, France'),
    (50, 50, 'TransGlobal Couriers', 'info@transglobalcouriers.com', '1900 Main Street, Toronto, Canada'),
    (51, 51, 'JetStream Cargo', 'service@jetstreamcargo.com', '77 Brookwood Road, Sydney, Australia'),
    (52, 52, 'AceTrans Logistics', 'contact@acetranslogistics.com', '12 St. James Street, Los Angeles, CA 90006'),
    (53, 53, 'ExpressLink Couriers', 'info@expresslinkcouriers.com', '345 Cambridge Road, Paris, France'),
    (54, 54, 'BlueSky Shipping', 'support@blueskyshipping.com', '480 Rosehill Drive, Toronto, Canada'),
    (55, 55, 'SilverLine Cargo', 'contact@silverlinecargo.com', '123 Redwood Drive, Berlin, Germany'),
    (56, 56, 'Streamline Logistics', 'info@streamlinelogistics.com', '25 Sunset Ridge, Los Angeles, CA 90016'),
    (57, 57, 'Premium Freight', 'service@premiumfreight.com', '380 Woodlawn Avenue, Paris, France'),
    (58, 58, 'FastLane Cargo', 'contact@fastlanecargo.com', '550 Oak Street, Toronto, Canada'),
    (59, 59, 'GoGlobal Freight', 'info@goglobalfreight.com', '234 Riverstone Drive, Berlin, Germany'),
    (60, 60, 'QuickJet Logistics', 'support@quickjetlogistics.com', '900 Hilltop Avenue, Los Angeles, CA 90018'),
    (61, 61, 'SwiftTrack Shipping', 'contact@swifttrackshipping.com', '550 Golden Gate, Paris, France'),
    (62, 62, 'PrimeFleet Couriers', 'info@primefleetcouriers.com', '332 Evergreen Road, Toronto, Canada'),
    (63, 63, 'CargoSprint Logistics', 'service@cargosprintlogistics.com', '210 Maple Avenue, Berlin, Germany'),
    (64, 64, 'FreightRunner Couriers', 'contact@freightrunnercouriers.com', '540 King Street, Los Angeles, CA 90012'),
    (65, 65, 'Skyway Freight', 'info@skywayfreight.com', '1000 Sunset Blvd, Paris, France'),
    (66, 66, 'ExpressFleet Shipping', 'support@expressfleetshipping.com', '650 Oak Ridge Drive, Toronto, Canada'),
    (67, 67, 'CargoXpress Logistics', 'contact@cargoXpresslogistics.com', '17 Riverside Drive, Berlin, Germany'),
    (68, 68, 'SwiftTransit Freight', 'info@swifttransitfreight.com', '800 Pinehill Drive, Los Angeles, CA 90040'),
    (69, 69, 'DirectLink Logistics', 'service@directlinklogistics.com', '100 Park Avenue, Paris, France'),
    (70, 70, 'NextDay Couriers', 'contact@nextdaycouriers.com', '450 High Street, Toronto, Canada'),
    (71, 71, 'FastTrack Freight', 'info@fasttrackfreight.com', '550 Forest Hill Road, Berlin, Germany'),
    (72, 72, 'PrimeShip Logistics', 'support@primeshiplogistics.com', '700 Greenfield Avenue, Los Angeles, CA 90021'),
    (73, 73, 'QuickJet Express', 'contact@quickjetexpress.com', '1000 Kingsway, Paris, France'),
    (74, 74, 'RushLine Freight', 'info@rushlinefreight.com', '220 Oakwood Street, Toronto, Canada'),
    (75, 75, 'CargoZoom Shipping', 'service@cargozoomshipping.com', '45 Riverside Blvd, Berlin, Germany'),
    (76, 76, 'FleetXpress Cargo', 'contact@fleetxpresscargo.com', '330 Rosehill Drive, Los Angeles, CA 90023'),
    (77, 77, 'SwiftSpeed Logistics', 'info@swiftspeedlogistics.com', '67 Ocean Drive, Paris, France'),
    (78, 78, 'FastFlow Freight', 'service@fastflowfreight.com', '850 Sunset Road, Toronto, Canada'),
    (79, 79, 'GlobalShip Logistics', 'contact@globalshiplogistics.com', '98 Riverstone Road, Berlin, Germany'),
    (80, 80, 'DirectTransit Cargo', 'info@directtransitcargo.com', '1240 Maple Street, Los Angeles, CA 90025'),
    (81, 81, 'CargoJet Couriers', 'support@cargojetcouriers.com', '500 North Street, Paris, France'),
    (82, 82, 'FleetFirst Logistics', 'contact@fleetfirstlogistics.com', '210 Elm Road, Toronto, Canada'),
    (83, 83, 'SpeedXpress Cargo', 'info@speedxpresscargo.com', '540 Oakwood Road, Berlin, Germany'),
    (84, 84, 'CargoElite Couriers', 'service@cargoelitecouriers.com', '300 Oak Drive, Los Angeles, CA 90032'),
    (85, 85, 'JetMove Logistics', 'contact@jetmovelogistics.com', '1200 Maple Street, Paris, France'),
    (86, 86, 'QuickLine Freight', 'info@quicklinefreight.com', '875 Oak Ridge Drive, Toronto, Canada'),
    (87, 87, 'XpressLine Shipping', 'service@xpresslineshipping.com', '400 Rosewood Lane, Berlin, Germany'),
    (88, 88, 'FleetTrack Couriers', 'contact@fleettrackcouriers.com', '450 Greenfield Avenue, Los Angeles, CA 90012'),
    (89, 89, 'FastRoute Cargo', 'info@fastroutecargo.com', '75 Elm Drive, Paris, France'),
    (90, 90, 'MegaShip Logistics', 'support@megashiplogistics.com', '230 King Street, Toronto, Canada'),
    (91, 91, 'JetFreight Couriers', 'contact@jetfreightcouriers.com', '500 Pine Avenue, Berlin, Germany'),
    (92, 92, 'SwiftCourier Logistics', 'info@swiftcourierlogistics.com', '230 Oak Lane, Los Angeles, CA 90020'),
    (93, 93, 'GlobalExpress Shipping', 'service@globalexpressshipping.com', '1020 Greenway Drive, Paris, France'),
    (94, 94, 'PrimeLink Logistics', 'contact@primelinklogistics.com', '570 Sunset Blvd, Toronto, Canada'),
    (95, 95, 'SkyFly Shipping', 'info@skyflyshipping.com', '720 Maple Street, Berlin, Germany'),
    (96, 96, 'CargoDrive Couriers', 'support@cargodrivecouriers.com', '345 Oakwood Road, Los Angeles, CA 90027'),
    (97, 97, 'SwiftFleet Cargo', 'contact@swiftfleetcargo.com', '100 Oakridge Lane, Paris, France'),
    (98, 98, 'ExpressDrive Shipping', 'info@expressdriveshipping.com', '620 Queen’s Road, Toronto, Canada'),
    (99, 99, 'CargoPath Logistics', 'service@cargopathlogistics.com', '450 Ridgeview Road, Berlin, Germany'),
    (100, 100, 'PrimeCargo Express', 'contact@primecargoexpress.com', '100 River Boulevard, Los Angeles, CA 90040');

INSERT INTO CourierCompanyContact (coucon_id, cc_id, mob_no)
VALUES
(1, 1, '9876543210'),
(2, 2, '9876543211'),
(3, 3, '9876543212'),
(4, 4, '9876543213'),
(5, 5, '9876543214'),
(6, 6, '9876543215'),
(7, 7, '9876543216'),
(8, 8, '9876543217'),
(9, 9, '9876543218'),
(10, 10, '9876543219'),
(11, 11, '9876543220'),
(12, 12, '9876543221'),
(13, 13, '9876543222'),
(14, 14, '9876543223'),
(15, 15, '9876543224'),
(16, 16, '9876543225'),
(17, 17, '9876543226'),
(18, 18, '9876543227'),
(19, 19, '9876543228'),
(20, 20, '9876543229'),
(21, 21, '9876543230'),
(22, 22, '9876543231'),
(23, 23, '9876543232'),
(24, 24, '9876543233'),
(25, 25, '9876543234'),
(26, 26, '9876543235'),
(27, 27, '9876543236'),
(28, 28, '9876543237'),
(29, 29, '9876543238'),
(30, 30, '9876543239'),
(31, 31, '9876543240'),
(32, 32, '9876543241'),
(33, 33, '9876543242'),
(34, 34, '9876543243'),
(35, 35, '9876543244'),
(36, 36, '9876543245'),
(37, 37, '9876543246'),
(38, 38, '9876543247'),
(39, 39, '9876543248'),
(40, 40, '9876543249'),
(41, 41, '9876543250'),
(42, 42, '9876543251'),
(43, 43, '9876543252'),
(44, 44, '9876543253'),
(45, 45, '9876543254'),
(46, 46, '9876543255'),
(47, 47, '9876543256'),
(48, 48, '9876543257'),
(49, 49, '9876543258'),
(50, 50, '9876543259');

INSERT INTO CourierCompanyContact (coucon_id, cc_id, mob_no)
VALUES
(51, 51, '9876543260'),
(52, 51, '9876543261'),
(53, 53, '9876543262'),
(54, 53, '9876543263'),
(55, 55, '9876543264'),
(56, 55, '9876543265'),
(57, 57, '9876543266'),
(58, 57, '9876543267'),
(59, 59, '9876543268'),
(60, 59, '9876543269'),
(61, 61, '9876543270'),
(62, 61, '9876543271'),
(63, 63, '9876543272'),
(64, 63, '9876543273'),
(65, 65, '9876543274'),
(66, 65, '9876543275'),
(67, 67, '9876543276'),
(68, 67, '9876543277'),
(69, 69, '9876543278'),
(70, 69, '9876543279'),
(71, 71, '9876543280'),
(72, 71, '9876543281'),
(73, 73, '9876543282'),
(74, 73, '9876543283'),
(75, 75, '9876543284'),
(76, 75, '9876543285'),
(77, 77, '9876543286'),
(78, 77, '9876543287'),
(79, 79, '9876543288'),
(80, 79, '9876543289'),
(81, 81, '9876543290'),
(82, 81, '9876543291'),
(83, 83, '9876543292'),
(84, 83, '9876543293'),
(85, 85, '9876543294'),
(86, 85, '9876543295'),
(87, 87, '9876543296'),
(88, 87, '9876543297'),
(89, 89, '9876543298'),
(90, 89, '9876543299'),
(91, 91, '9876543300'),
(92, 91, '9876543301'),
(93, 93, '9876543302'),
(94, 93, '9876543303'),
(95, 95, '9876543304'),
(96, 95, '9876543305'),
(97, 97, '9876543306'),
(98, 97, '9876543307'),
(99, 99, '9876543308'),
(100, 99, '9876543309');

INSERT INTO CourierCompanyContact (coucon_id, cc_id, mob_no)
VALUES (101,100,'9341234561'),(102,100,'9774586921');

INSERT INTO FleetManager (fm_id, name, email)
VALUES
(2, 'Maria Garcia', 'maria.garcia@tntexpress.com'),
(3, 'John Johnson', 'john.johnson@fedex.com'),
(4, 'Patricia Brown', 'patricia.brown@ups.com'),
(5, 'Robert Lee', 'robert.lee@ems.com'),
(6, 'Jennifer Taylor', 'jennifer.taylor@shipnow.com'),
(7, 'Michael Anderson', 'michael.anderson@logisticsinc.com'),
(8, 'Elizabeth Thomas', 'elizabeth.thomas@swiftpost.com'),
(9, 'David White', 'david.white@royalmail.com'),
(10, 'Linda Martinez', 'linda.martinez@expeditors.com'),
(11, 'Joseph Robinson', 'joseph.robinson@geodis.com'),
(12, 'Sarah Clark', 'sarah.clark@xpo.com'),
(13, 'Charles Lewis', 'charles.lewis@nipponexpress.com'),
(14, 'Margaret Walker', 'margaret.walker@zto.com'),
(15, 'Thomas Hall', 'thomas.hall@kuehne-nagel.com'),
(16, 'Dorothy Young', 'dorothy.young@dhl.com'),
(17, 'William King', 'william.king@maersk.com'),
(18, 'Helen Scott', 'helen.scott@aramex.com'),
(19, 'James Green', 'james.green@cma-cgm.com'),
(20, 'Mary Adams', 'mary.adams@tollgroup.com'),
(21, 'Robert Nelson', 'robert.nelson@biglogistics.com'),
(22, 'Sophia Carter', 'sophia.carter@bluebirdexpress.com'),
(23, 'Daniel Mitchell', 'daniel.mitchell@falconexpress.com'),
(24, 'Nancy Perez', 'nancy.perez@bluedart.com'),
(25, 'Steven Evans', 'steven.evans@gls-group.com'),
(26, 'Lisa Torres', 'lisa.torres@broadwaylogistics.com'),
(27, 'Matthew Murphy', 'matthew.murphy@worldwideexpress.com'),
(28, 'Susan Reed', 'susan.reed@cz-transport.com'),
(29, 'Christopher Brooks', 'christopher.brooks@ems-asiapacific.com'),
(30, 'Betty Wood', 'betty.wood@ksfreight.com'),
(31, 'James Harris', 'james.harris@ntnlogistics.com'),
(32, 'Karen Jenkins', 'karen.jenkins@argotransport.com'),
(33, 'Gary Perry', 'gary.perry@pitneybowes.com'),
(34, 'Helen Russell', 'helen.russell@postnord.com'),
(35, 'Donald Cooper', 'donald.cooper@tntlogistics.com'),
(36, 'Emily Ward', 'emily.ward@speditors.com'),
(37, 'Brian Cox', 'brian.cox@kineticholdings.com'),
(38, 'Kathleen Murphy', 'kathleen.murphy@scmgroup.com'),
(39, 'George Hughes', 'george.hughes@etlogistics.com'),
(40, 'Deborah Simmons', 'deborah.simmons@swiftfreight.com'),
(41, 'Daniel Butler', 'daniel.butler@hubgroup.com'),
(42, 'Ashley Sanders', 'ashley.sanders@fleetexpress.com'),
(43, 'Frank Ross', 'frank.ross@shippingworld.com'),
(44, 'Jessica Price', 'jessica.price@transpacific.com'),
(45, 'Matthew Jenkins', 'matthew.jenkins@contship.com'),
(46, 'Amy Griffin', 'amy.griffin@tql.com'),
(47, 'Timothy Bryant', 'timothy.bryant@dpdgroup.com'),
(48, 'Hannah Ford', 'hannah.ford@logisticworld.com'),
(49, 'John Walker', 'john.walker@progressiveexpress.com'),
(50, 'Olivia King', 'olivia.king@pantos.com'),
(51, 'Liam Scott', 'liam.scott@ecotransport.com'),
(52, 'Ella Morgan', 'ella.morgan@worldlogistics.com'),
(53, 'Sebastian Mitchell', 'sebastian.mitchell@innovaexpress.com'),
(54, 'Charlotte Bailey', 'charlotte.bailey@interlinkexpress.com'),
(55, 'Henry Turner', 'henry.turner@copelands.com'),
(56, 'Amelia Green', 'amelia.green@ogilvychile.com'),
(57, 'David Anderson', 'david.anderson@khaledexpress.com'),
(58, 'Isabella Carter', 'isabella.carter@blackpantherlogistics.com'),
(59, 'Ethan Collins', 'ethan.collins@kenafreight.com'),
(60, 'Madison Rodriguez', 'madison.rodriguez@cargoexpress.com'),
(61, 'Jack Parker', 'jack.parker@seaportlogistics.com'),
(62, 'Lucas Lewis', 'lucas.lewis@logisticsasia.com'),
(63, 'Sophia Martin', 'sophia.martin@freshshipment.com'),
(64, 'Jackie Lee', 'jackie.lee@smartlogistics.com'),
(65, 'Samuel Harris', 'samuel.harris@hublogistics.com'),
(66, 'Nina Wang', 'nina.wang@shipmateexpress.com'),
(67, 'Mason Walker', 'mason.walker@freightpath.com'),
(68, 'Emily Harris', 'emily.harris@cargoasia.com'),
(69, 'Sofia Green', 'sofia.green@integramove.com'),
(70, 'Liam Young', 'liam.young@fremovex.com'),
(71, 'William Brown', 'william.brown@allroundlogistics.com'),
(72, 'Lily Gonzalez', 'lily.gonzalez@japanexpress.com'),
(73, 'Ethan Moore', 'ethan.moore@tufftrans.com'),
(74, 'Scarlett Perez', 'scarlett.perez@quickflow.com'),
(75, 'Joshua Clark', 'joshua.clark@perfectpath.com'),
(76, 'Daniel Evans', 'daniel.evans@intelliship.com'),
(77, 'Sophie Robinson', 'sophie.robinson@windspeedfreight.com'),
(78, 'Aiden James', 'aiden.james@reliablecargo.com'),
(79, 'Mila Davis', 'mila.davis@timefreight.com'),
(80, 'Matthew Clark', 'matthew.clark@contipost.com'),
(81, 'Grayson Allen', 'grayson.allen@nextwavefreight.com'),
(82, 'Ellie Walker', 'ellie.walker@dispatchpro.com'),
(83, 'Violet Martinez', 'violet.martinez@optlogistics.com'),
(84, 'Elijah Moore', 'elijah.moore@directship.com'),
(85, 'Jameson Taylor', 'jameson.taylor@globalconnect.com'),
(86, 'Clara King', 'clara.king@translogix.com'),
(87, 'Luna Robinson', 'luna.robinson@transportglobal.com'),
(88, 'Olivia Harris', 'olivia.harris@vanguardlogistics.com'),
(89, 'Alexander Mitchell', 'alexander.mitchell@logispeed.com'),
(90, 'Emma Evans', 'emma.evans@elitefreight.com'),
(91, 'David Green', 'david.green@cargoone.com'),
(92, 'Nicolette Walker', 'nicolette.walker@fleetline.com'),
(93, 'Noah Scott', 'noah.scott@fourwindslogistics.com'),
(94, 'Charlotte Johnson', 'charlotte.johnson@forwardingexperts.com'),
(95, 'Benjamin Lee', 'benjamin.lee@redseaexpress.com'),
(96, 'Megan White', 'megan.white@speedylane.com'),
(97, 'Leo Martinez', 'leo.martinez@darttrans.com'),
(98, 'Grace Thomas', 'grace.thomas@tigerfreight.com'),
(99, 'Madeline Harris', 'madeline.harris@fastmove.com'),
(100, 'Oliver Wright', 'oliver.wright@primecargo.com');

INSERT INTO FleetManagerContact (fmcon_id, fm_id, mob_no)
VALUES
(102, 1, '1234567890'),
(101, 1, '9876543210'),
(3, 2, '2345678901'),
(4, 2, '8765432109'),
(5, 3, '3456789012'),
(6, 3, '7654321098'),
(7, 4, '4567890123'),
(8, 4, '6543210987'),
(9, 5, '5678901234'),
(10, 5, '5432109876'),
(11, 6, '6789012345'),
(12, 6, '4321098765'),
(13, 7, '7890123456'),
(14, 7, '3210987654'),
(15, 8, '8901234567'),
(16, 8, '2109876543'),
(17, 9, '9012345678'),
(18, 9, '1098765432'),
(19, 10, '0123456789'),
(20, 10, '0987654321'),
(21, 11, '1122334455'),
(22, 11, '5544332211'),
(23, 12, '2233445566'),
(24, 12, '6655443322'),
(25, 13, '3344556677'),
(26, 13, '7766554433'),
(27, 14, '4455667788'),
(28, 14, '8877665544'),
(29, 15, '5566778899'),
(30, 15, '9988776655'),
(31, 16, '6677889900'),
(32, 16, '0099887766'),
(33, 17, '7788990011'),
(34, 17, '1100998877'),
(35, 18, '8899001122'),
(36, 18, '2211009988'),
(37, 19, '9900112233'),
(38, 19, '3322110099'),
(39, 20, '1002233445'),
(40, 20, '5544221000'),
(41, 21, '2103344556'),
(42, 21, '6655332210'),
(43, 22, '3214455667'),
(44, 22, '7766443321'),
(45, 23, '4325566778'),
(46, 23, '8877554432'),
(47, 24, '5436677889'),
(48, 24, '9988665543'),
(49, 25, '6547788990'),
(50, 25, '0099776654'),

(51, 26, '1234567890'),
(52, 26, '9876543210'),
(53, 27, '2345678901'),
(54, 28, '3456789012'),
(55, 29, '4567890123'),
(56, 30, '5678901234'),
(57, 31, '6789012345'),
(58, 32, '7890123456'),
(59, 33, '8901234567'),
(60, 34, '9012345678'),
(61, 35, '1122334455'),
(62, 36, '2233445566'),
(63, 37, '3344556677'),
(64, 38, '4455667788'),
(65, 39, '5566778899'),
(66, 40, '6677889900'),
(67, 41, '7788990011'),
(68, 42, '8899001122'),
(69, 43, '9900112233'),
(70, 44, '1002233445'),
(71, 45, '2103344556'),
(72, 46, '3214455667'),
(73, 47, '4325566778'),
(74, 48, '5436677889'),
(75, 49, '6547788990'),
(76, 50, '0099776654'),

(77, 51, '1234567890'),
(78, 51, '9876543210'),
(79, 52, '2345678901'),
(80, 53, '3456789012'),
(81, 54, '4567890123'),
(82, 55, '5678901234'),
(83, 56, '6789012345'),
(84, 57, '7890123456'),
(85, 58, '8901234567'),
(86, 59, '9012345678'),
(87, 60, '1122334455'),
(88, 61, '2233445566'),
(89, 62, '3344556677'),
(90, 63, '4455667788'),
(91, 64, '5566778899'),
(92, 65, '6677889900'),
(93, 66, '7788990011'),
(94, 67, '8899001122'),
(95, 68, '9900112233'),
(96, 69, '1002233445'),
(97, 70, '2103344556'),
(98, 71, '3214455667'),
(99, 72, '4325566778'),
(100, 73, '5436677889');


INSERT INTO PortAuthority (pca_id, name, location, country, email) VALUES
(101, 'Port of Antwerp', 'Antwerp', 'Belgium', 'contact@portofantwerp.com'),
(2, 'Port of Rotterdam', 'Rotterdam', 'Netherlands', 'info@portofrotterdam.com'),
(3, 'Port of Singapore', 'Singapore', 'Singapore', 'info@portofsingapore.com.sg'),
(4, 'Port of Los Angeles', 'Los Angeles', 'United States', 'info@portofla.org'),
(5, 'Port of Mumbai', 'Mumbai', 'India', 'info@portofmumbai.in'),
(6, 'Port of Dubai', 'Dubai', 'United Arab Emirates', 'contact@portofdubai.ae'),
(7, 'Port of Colombo', 'Colombo', 'Sri Lanka', 'contact@portofcolombo.lk'),
(8, 'Port of Cape Town', 'Cape Town', 'South Africa', 'info@portofcapetown.co.za'),
(9, 'Port of Tokyo', 'Tokyo', 'Japan', 'info@portoftokyo.jp'),
(10, 'Port of Hamburg', 'Hamburg', 'Germany', 'info@portofhamburg.com'),
(11, 'Port of Karachi', 'Karachi', 'Pakistan', 'info@kpt.gov.pk'),
(12, 'Port of London', 'London', 'United Kingdom', 'info@portoflondon.co.uk'),
(13, 'Port of Sydney', 'Sydney', 'Australia', 'info@portofsydney.com.au'),
(14, 'Port of Durban', 'Durban', 'South Africa', 'contact@portofdurban.co.za'),
(15, 'Port of Hamburg', 'Hamburg', 'Germany', 'contact@portofhamburg.de'),
(16, 'Port of Piraeus', 'Piraeus', 'Greece', 'info@portofpiraeus.gr'),
(17, 'Port of Barcelona', 'Barcelona', 'Spain', 'contact@portofbarcelona.cat'),
(18, 'Port of Valencia', 'Valencia', 'Spain', 'info@portofvalencia.com'),
(19, 'Port of Santos', 'Santos', 'Brazil', 'info@portofsantos.com.br'),
(20, 'Port of Jeddah', 'Jeddah', 'Saudi Arabia', 'info@portofjeddah.sa'),
(21, 'Port of Tianjin', 'Tianjin', 'China', 'info@portoftianjin.cn'),
(22, 'Port of Busan', 'Busan', 'South Korea', 'info@portofbusan.kr'),
(23, 'Port of Melbourne', 'Melbourne', 'Australia', 'info@portofmelbourne.com.au'),
(24, 'Port of Valencia', 'Valencia', 'Spain', 'contact@portofvalencia.es'),
(25, 'Port of Kaohsiung', 'Kaohsiung', 'Taiwan', 'info@khb.gov.tw'),
(26, 'Port of Rotterdam', 'Rotterdam', 'Netherlands', 'info@portofrotterdam.com'),
(27, 'Port of Genoa', 'Genoa', 'Italy', 'info@portofgenoa.it'),
(28, 'Port of Shenzen', 'Shenzen', 'China', 'contact@portofshenzhen.cn'),
(29, 'Port of Algiers', 'Algiers', 'Algeria', 'contact@portofalgiers.dz'),
(30, 'Port of Hong Kong', 'Hong Kong', 'China', 'info@portofhongkong.hk'),
(31, 'Port of New York', 'New York', 'United States', 'info@portofny.com'),
(32, 'Port of Vancouver', 'Vancouver', 'Canada', 'info@portofvancouver.ca'),
(33, 'Port of Buenos Aires', 'Buenos Aires', 'Argentina', 'info@portofbuenosaires.com'),
(34, 'Port of Mombasa', 'Mombasa', 'Kenya', 'contact@portofmombasa.co.ke'),
(35, 'Port of Istanbul', 'Istanbul', 'Turkey', 'info@portofistanbul.com.tr'),
(36, 'Port of Lome', 'Lome', 'Togo', 'info@portoftome.tg'),
(37, 'Port of Saint Petersburg', 'Saint Petersburg', 'Russia', 'info@portofspb.ru'),
(38, 'Port of Ho Chi Minh', 'Ho Chi Minh City', 'Vietnam', 'info@portofhochiminh.vn'),
(39, 'Port of Le Havre', 'Le Havre', 'France', 'info@portoflehavre.fr'),
(40, 'Port of Amsterdam', 'Amsterdam', 'Netherlands', 'info@portofamsterdam.com'),
(41, 'Port of Singapore', 'Singapore', 'Singapore', 'info@portofsingapore.com.sg'),
(42, 'Port of Hamburg', 'Hamburg', 'Germany', 'info@portofhamburg.com'),
(43, 'Port of Alexandria', 'Alexandria', 'Egypt', 'info@portofalexandria.com'),
(44, 'Port of Colombo', 'Colombo', 'Sri Lanka', 'contact@portofcolombo.lk'),
(45, 'Port of Barrow', 'Barrow', 'United Kingdom', 'contact@portofbarrow.co.uk'),
(46, 'Port of Savannah', 'Savannah', 'United States', 'info@portofsavannah.com'),
(47, 'Port of Kingston', 'Kingston', 'Jamaica', 'info@portofkingston.com'),
(48, 'Port of Montevideo', 'Montevideo', 'Uruguay', 'contact@portofmontevideo.uy'),
(49, 'Port of Helsinki', 'Helsinki', 'Finland', 'info@portofhelsinki.fi'),
(50, 'Port of Manila', 'Manila', 'Philippines', 'info@portofmanila.ph'),
(51, 'Port of Jakarta', 'Jakarta', 'Indonesia', 'contact@portofjakarta.co.id'),
(52, 'Port of Pusan', 'Pusan', 'South Korea', 'info@portofpusan.kr'),
(53, 'Port of Casablanca', 'Casablanca', 'Morocco', 'contact@portofcasablanca.ma'),
(54, 'Port of Santos', 'Santos', 'Brazil', 'contact@portofsantos.br'),
(55, 'Port of Rio de Janeiro', 'Rio de Janeiro', 'Brazil', 'contact@portofriodejaneiro.com'),
(56, 'Port of Dammam', 'Dammam', 'Saudi Arabia', 'contact@portofdammam.sa'),
(57, 'Port of Chittagong', 'Chittagong', 'Bangladesh', 'info@portofchittagong.com'),
(58, 'Port of Kaohsiung', 'Kaohsiung', 'Taiwan', 'info@khb.gov.tw'),
(59, 'Port of Manila', 'Manila', 'Philippines', 'info@portofmanila.ph'),
(60, 'Port of Yokohama', 'Yokohama', 'Japan', 'contact@portofyokohama.jp'),
(61, 'Port of Karachi', 'Karachi', 'Pakistan', 'info@kpt.gov.pk'),
(62, 'Port of Muscat', 'Muscat', 'Oman', 'info@portofmuscat.om'),
(63, 'Port of Mumbai', 'Mumbai', 'India', 'info@portofmumbai.in'),
(64, 'Port of Sydney', 'Sydney', 'Australia', 'contact@portofsydney.com.au'),
(65, 'Port of Ho Chi Minh', 'Ho Chi Minh City', 'Vietnam', 'info@portofhochiminh.vn'),
(66, 'Port of Rio de Janeiro', 'Rio de Janeiro', 'Brazil', 'info@portofriodejaneiro.com'),
(67, 'Port of Ashdod', 'Ashdod', 'Israel', 'info@portofashdod.co.il'),
(68, 'Port of Dar es Salaam', 'Dar es Salaam', 'Tanzania', 'contact@portofdarsalaam.co.tz'),
(69, 'Port of New Orleans', 'New Orleans', 'United States', 'contact@portofneworleans.com'),
(70, 'Port of Rotterdam', 'Rotterdam', 'Netherlands', 'contact@portofrotterdam.nl'),
(71, 'Port of Suez', 'Suez', 'Egypt', 'info@portofsuez.com'),
(72, 'Port of Antwerp', 'Antwerp', 'Belgium', 'info@portofantwerp.be'),
(73, 'Port of Jakarta', 'Jakarta', 'Indonesia', 'info@portofjakarta.co.id'),
(74, 'Port of Tanjung Priok', 'Tanjung Priok', 'Indonesia', 'contact@portoftanjungpriok.co.id'),
(75, 'Port of Kingston', 'Kingston', 'Jamaica', 'info@portofkingston.com'),
(76, 'Port of Jeddah', 'Jeddah', 'Saudi Arabia', 'contact@portofjeddah.sa'),
(77, 'Port of Singapore', 'Singapore', 'Singapore', 'info@portofsingapore.com.sg'),
(78, 'Port of Piraeus', 'Piraeus', 'Greece', 'info@portofpiraeus.gr'),
(79, 'Port of Panama', 'Panama City', 'Panama', 'info@portofpanama.com.pa'),
(80, 'Port of San Diego', 'San Diego', 'United States', 'info@portofsandiego.org'),
(81, 'Port of Doha', 'Doha', 'Qatar', 'info@portofdoha.qa'),
(82, 'Port of Ambarli', 'Ambarli', 'Turkey', 'info@portofambarli.tr'),
(83, 'Port of Lagos', 'Lagos', 'Nigeria', 'info@portoflagos.ng'),
(84, 'Port of Jebel Ali', 'Jebel Ali', 'United Arab Emirates', 'info@portofjebelali.ae'),
(85, 'Port of Bahrain', 'Manama', 'Bahrain', 'info@portofbahrain.com'),
(86, 'Port of Alexandria', 'Alexandria', 'Egypt', 'contact@portofalexandria.eg'),
(87, 'Port of Banjul', 'Banjul', 'Gambia', 'info@portofbanjul.gm'),
(88, 'Port of Ashdod', 'Ashdod', 'Israel', 'info@portofashdod.co.il'),
(89, 'Port of Rotterdam', 'Rotterdam', 'Netherlands', 'info@portofrotterdam.nl'),
(90, 'Port of Antwerp', 'Antwerp', 'Belgium', 'info@portofantwerp.com'),
(91, 'Port of Surabaya', 'Surabaya', 'Indonesia', 'contact@portofsurabaya.co.id'),
(92, 'Port of Mombasa', 'Mombasa', 'Kenya', 'info@portofmombasa.co.ke'),
(93, 'Port of Willemstad', 'Willemstad', 'Curaçao', 'contact@portofwillemstad.cw'),
(94, 'Port of Veracruz', 'Veracruz', 'Mexico', 'info@portofveracruz.com'),
(95, 'Port of Kaohsiung', 'Kaohsiung', 'Taiwan', 'contact@portofkaohsiung.tw'),
(96, 'Port of Laem Chabang', 'Laem Chabang', 'Thailand', 'info@portoflaemchabang.com'),
(97, 'Port of New York/New Jersey', 'New York/New Jersey', 'United States', 'contact@portofny.com'),
(98, 'Port of Mobile', 'Mobile', 'United States', 'info@portofmobile.com'),
(99, 'Port of Salvador', 'Salvador', 'Brazil', 'contact@portofsalvador.br'),
(100, 'Port of Tokyo', 'Tokyo', 'Japan', 'info@portoftokyo.jp');


INSERT INTO PortAuthorityContact (pccon_id, pca_id, mob_no) 
VALUES
(102, 1, '9876543210'), 
(103, 1, '9123456789'), 
(3, 2, '9876543201'), 
(4, 2, '9123456790'), 
(5, 3, '9876543211'), 
(6, 3, '9123456791'), 
(7, 4, '9876543202'), 
(8, 4, '9123456792'), 
(9, 5, '9876543212'), 
(10, 5, '9123456793'), 
(11, 6, '9876543203'), 
(12, 6, '9123456794'), 
(13, 7, '9876543213'), 
(14, 7, '9123456795'), 
(15, 8, '9876543204'), 
(16, 8, '9123456796'), 
(17, 9, '9876543214'), 
(18, 9, '9123456797'), 
(19, 10, '9876543205'), 
(20, 10, '9123456798'), 
(21, 11, '9876543215'), 
(22, 11, '9123456799'), 
(23, 12, '9876543206'), 
(24, 12, '9123456800'), 
(25, 13, '9876543216'), 
(26, 13, '9123456801'), 
(27, 14, '9876543207'), 
(28, 14, '9123456802'), 
(29, 15, '9876543217'), 
(30, 15, '9123456803'), 
(31, 16, '9876543208'), 
(32, 16, '9123456804'), 
(33, 17, '9876543218'), 
(34, 17, '9123456805'), 
(35, 18, '9876543209'), 
(36, 18, '9123456806'), 
(37, 19, '9876543219'), 
(38, 19, '9123456807'), 
(39, 20, '9876543210'), 
(40, 20, '9123456808'), 
(41, 21, '9876543220'), 
(42, 21, '9123456809'), 
(43, 22, '9876543221'), 
(44, 22, '9123456810'), 
(45, 23, '9876543222'), 
(46, 23, '9123456811'), 
(47, 24, '9876543223'), 
(48, 24, '9123456812'), 
(49, 25, '9876543224'), 
(50, 25, '9123456813'), 
(51, 26, '9876543225'), 
(52, 26, '9123456814'), 
(53, 27, '9876543226'), 
(54, 27, '9123456815'), 
(55, 28, '9876543227'), 
(56, 28, '9123456816'), 
(57, 29, '9876543228'), 
(58, 29, '9123456817'), 
(59, 30, '9876543229'), 
(60, 30, '9123456818'), 
(61, 31, '9876543230'), 
(62, 31, '9123456819'), 
(63, 32, '9876543231'), 
(64, 32, '9123456820'), 
(65, 33, '9876543232'), 
(66, 33, '9123456821'), 
(67, 34, '9876543233'), 
(68, 34, '9123456822'), 
(69, 35, '9876543234'), 
(70, 35, '9123456823'), 
(71, 36, '9876543235'), 
(72, 36, '9123456824'), 
(73, 37, '9876543236'), 
(74, 37, '9123456825'), 
(75, 38, '9876543237'), 
(76, 38, '9123456826'), 
(77, 39, '9876543238'), 
(78, 39, '9123456827'), 
(79, 40, '9876543239'), 
(80, 40, '9123456828'), 
(81, 41, '9876543240'), 
(82, 41, '9123456829'), 
(83, 42, '9876543241'), 
(84, 42, '9123456830'), 
(85, 43, '9876543242'), 
(86, 43, '9123456831'), 
(87, 44, '9876543243'), 
(88, 44, '9123456832'), 
(89, 45, '9876543244'), 
(90, 45, '9123456833'), 
(91, 46, '9876543245'), 
(92, 46, '9123456834'), 
(93, 47, '9876543246'), 
(94, 47, '9123456835'), 
(95, 48, '9876543247'), 
(96, 48, '9123456836'), 
(97, 49, '9876543248'), 
(98, 49, '9123456837'), 
(99, 50, '9876543249'), 
(100, 50, '9123456838'), 
(101, 51, '9876543250');

INSERT INTO PortAuthorityContact (pccon_id, pca_id, mob_no) 
VALUES
(202, 52, '9123456839'), 
(203, 52, '9876543251'), 
(104, 53, '9123456840'), 
(105, 53, '9876543252'), 
(106, 54, '9123456841'), 
(107, 54, '9876543253'), 
(108, 55, '9123456842'), 
(109, 55, '9876543254'), 
(110, 56, '9123456843'), 
(111, 56, '9876543255'), 
(112, 57, '9123456844'), 
(113, 57, '9876543256'), 
(114, 58, '9123456845'), 
(115, 58, '9876543257'), 
(116, 59, '9123456846'), 
(117, 59, '9876543258'), 
(118, 60, '9123456847'), 
(119, 60, '9876543259'), 
(120, 61, '9123456848'), 
(121, 61, '9876543260'), 
(122, 62, '9123456849'), 
(123, 62, '9876543261'), 
(124, 63, '9123456850'), 
(125, 63, '9876543262'), 
(126, 64, '9123456851'), 
(127, 64, '9876543263'), 
(128, 65, '9123456852'), 
(129, 65, '9876543264'), 
(130, 66, '9123456853'), 
(131, 66, '9876543265'), 
(132, 67, '9123456854'), 
(133, 67, '9876543266'), 
(134, 68, '9123456855'), 
(135, 68, '9876543267'), 
(136, 69, '9123456856'), 
(137, 69, '9876543268'), 
(138, 70, '9123456857'), 
(139, 70, '9876543269'), 
(140, 71, '9123456858'), 
(141, 71, '9876543270'), 
(142, 72, '9123456859'), 
(143, 72, '9876543271'), 
(144, 73, '9123456860'), 
(145, 73, '9876543272'), 
(146, 74, '9123456861'), 
(147, 74, '9876543273'), 
(148, 75, '9123456862'), 
(149, 75, '9876543274'), 
(150, 76, '9123456863'), 
(151, 76, '9876543275'), 
(152, 77, '9123456864'), 
(153, 77, '9876543276'), 
(154, 78, '9123456865'), 
(155, 78, '9876543277'), 
(156, 79, '9123456866'), 
(157, 79, '9876543278'), 
(158, 80, '9123456867'), 
(159, 80, '9876543279'), 
(160, 81, '9123456868'), 
(161, 81, '9876543280'), 
(162, 82, '9123456869'), 
(163, 82, '9876543281'), 
(164, 83, '9123456870'), 
(165, 83, '9876543282'), 
(166, 84, '9123456871'), 
(167, 84, '9876543283'), 
(168, 85, '9123456872'), 
(169, 85, '9876543284'), 
(170, 86, '9123456873'), 
(171, 86, '9876543285'), 
(172, 87, '9123456874'), 
(173, 87, '9876543286'), 
(174, 88, '9123456875'), 
(175, 88, '9876543287'), 
(176, 89, '9123456876'), 
(177, 89, '9876543288'), 
(178, 90, '9123456877'), 
(179, 90, '9876543289'), 
(180, 91, '9123456878'), 
(181, 91, '9876543290'), 
(182, 92, '9123456879'), 
(183, 92, '9876543291'), 
(184, 93, '9123456880'), 
(185, 93, '9876543292'), 
(186, 94, '9123456881'), 
(187, 94, '9876543293'), 
(188, 95, '9123456882'), 
(189, 95, '9876543294'), 
(190, 96, '9123456883'), 
(191, 96, '9876543295'), 
(192, 97, '9123456884'), 
(193, 97, '9876543296'), 
(194, 98, '9123456885'), 
(195, 98, '9876543297'), 
(196, 99, '9123456886'), 
(197, 99, '9876543298'), 
(198, 100, '9123456887'), 
(199, 100, '9876543299'), 
(200, 101, '9123456888');


INSERT INTO Customer (c_id, name, address, email) 
VALUES
(101, 'Aarav Patel', 'B-34, Gokul Nagar, Ahmedabad, Gujarat, India', 'aarav.patel@example.in'),
(2, 'Jia Li', 'No. 12, Xian Road, Beijing, China', 'jia.li@example.cn'),
(3, 'John Smith', '123 Elm St, Springfield, IL, United States', 'john.smith@example.com'),
(4, 'Mariana Gonzalez', 'Av. Libertador 6000, Buenos Aires, Argentina', 'mariana.gonzalez@example.ar'),
(5, 'Carlos Silva', 'Rua 25 de Março, São Paulo, Brazil', 'carlos.silva@example.br'),
(6, 'Sophie Lefevre', '45 Rue de Paris, Lyon, France', 'sophie.lefevre@example.fr'),
(7, 'Aditya Kumar', 'D-47, Sector 11, Noida, Uttar Pradesh, India', 'aditya.kumar@example.in'),
(8, 'Chen Wang', '7F, Green Plaza, Shenzhen, China', 'chen.wang@example.cn'),
(9, 'James Johnson', '567 Oak Avenue, Los Angeles, CA, United States', 'james.johnson@example.com'),
(10, 'Luciana Torres', 'Rua Augusta 321, Rio de Janeiro, Brazil', 'luciana.torres@example.br'),
(11, 'Martin Dubois', '15 Boulevard Montmartre, Paris, France', 'martin.dubois@example.fr'),
(12, 'Mei Chen', 'No. 89, Chang’an Avenue, Shanghai, China', 'mei.chen@example.cn'),
(13, 'Ravi Sharma', 'A-21, Janakpuri, New Delhi, India', 'ravi.sharma@example.in'),
(14, 'Emma Brown', '101 Maple Street, London, England', 'emma.brown@example.co.uk'),
(15, 'Ana Pérez', 'Calle de Gran Vía 45, Madrid, Spain', 'ana.perez@example.es'),
(16, 'Hiroshi Tanaka', '1-3-7, Shibuya, Tokyo, Japan', 'hiroshi.tanaka@example.jp'),
(17, 'Khalid Al-Farsi', 'Al Nuzha Street, Muscat, Oman', 'khalid.alfarsi@example.om'),
(18, 'Lucas Rodríguez', 'Av. 9 de Julio 2047, Buenos Aires, Argentina', 'lucas.rodriguez@example.ar'),
(19, 'Gabrielle Moreau', '15 Rue de Rivoli, Paris, France', 'gabrielle.moreau@example.fr'),
(20, 'Fatima Hassan', 'Zayed Road, Dubai, UAE', 'fatima.hassan@example.ae'),
(21, 'Diego García', 'Calle del Mar 54, Barcelona, Spain', 'diego.garcia@example.es'),
(22, 'Peter Walker', '5000 King St, New York, NY, United States', 'peter.walker@example.com'),
(23, 'Shivani Mehta', 'B-6, Chhatra Colony, Mumbai, Maharashtra, India', 'shivani.mehta@example.in'),
(24, 'Olga Ivanova', 'Lenin Street 34, Moscow, Russia', 'olga.ivanova@example.ru'),
(25, 'Giovanni Rossi', 'Piazza del Duomo 5, Florence, Italy', 'giovanni.rossi@example.it'),
(26, 'Maria González', 'Calle de la Paz 789, Buenos Aires, Argentina', 'maria.gonzalez@example.ar'),
(27, 'John Miller', '101 Pine Road, Miami, FL, United States', 'john.miller@example.com'),
(28, 'Beatriz Sousa', 'Rua das Flores 100, Lisbon, Portugal', 'beatriz.sousa@example.pt'),
(29, 'Zhang Wei', '1-2-3, Zhongshan Road, Guangzhou, China', 'zhang.wei@example.cn'),
(30, 'Anna Kowalska', 'Pięciomorgowa 4, Warsaw, Poland', 'anna.kowalska@example.pl'),
(31, 'Haruto Yamada', '2-5-8, Minato-ku, Tokyo, Japan', 'haruto.yamada@example.jp'),
(32, 'Pedro Sánchez', 'Av. España 5000, Santiago, Chile', 'pedro.sanchez@example.cl'),
(33, 'Katerina Petrakova', 'Petržalska 39, Bratislava, Slovakia', 'katerina.petrakova@example.sk'),
(34, 'Carlos Martínez', 'Calle El Sol 124, Valencia, Spain', 'carlos.martinez@example.es'),
(35, 'Liu Fei', '88, West Wangfujing Street, Beijing, China', 'liu.fei@example.cn'),
(36, 'Sandro Romano', 'Viale dei Colli 12, Rome, Italy', 'sandro.romano@example.it'),
(37, 'Dimitrios Papadopoulos', '35 Kolokotroni St, Athens, Greece', 'dimitrios.papadopoulos@example.gr'),
(38, 'Mia Thompson', '23 Maple Avenue, San Francisco, CA, United States', 'mia.thompson@example.com'),
(39, 'Juliana Costa', 'Rua do Limoeiro 200, Recife, Brazil', 'juliana.costa@example.br'),
(40, 'Marco Silva', 'Av. Rio Branco 234, Rio de Janeiro, Brazil', 'marco.silva@example.br'),
(41, 'Maria Oliveira', 'Rua de Lisboa 650, Porto, Portugal', 'maria.oliveira@example.pt'),
(42, 'Jack Davis', '302 Oak Street, Toronto, Canada', 'jack.davis@example.ca'),
(43, 'Michaela Novak', 'Jičínská 32, Prague, Czech Republic', 'michaela.novak@example.cz'),
(44, 'Sophia Hernandez', '10 Orchard St, Los Angeles, CA, United States', 'sophia.hernandez@example.com'),
(45, 'Ying Zhang', 'Avenue du Parc 105, Montreal, Canada', 'ying.zhang@example.ca'),
(46, 'Kamil Durak', 'Marszałkowska 65, Warsaw, Poland', 'kamil.durak@example.pl'),
(47, 'Rafael Gómez', 'Calle de Toledo 322, Madrid, Spain', 'rafael.gomez@example.es'),
(48, 'Victor Yao', 'Nanjing Road 93, Shanghai, China', 'victor.yao@example.cn'),
(49, 'Lucia Martini', 'Corso Venezia 210, Milan, Italy', 'lucia.martini@example.it'),
(50, 'Maxime Durand', 'Place des Vosges 23, Paris, France', 'maxime.durand@example.fr'),
(51, 'Adriana Ruiz', 'Calle Mayor 134, Barcelona, Spain', 'adriana.ruiz@example.es'),
(52, 'Isabella Ferreira', 'Rua das Acácias 101, São Paulo, Brazil', 'isabella.ferreira@example.br'),
(53, 'Seung Lee', 'Namsan, Seoul, South Korea', 'seung.lee@example.kr'),
(54, 'Leandro Moreira', 'Rua Dom Pedro II 800, Rio de Janeiro, Brazil', 'leandro.moreira@example.br'),
(55, 'Michael Connor', '50 Elm Street, Melbourne, Australia', 'michael.oconnor@example.au'),
(56, 'Mohamed Ali', 'Avenue Mohamed V 12, Tunis, Tunisia', 'mohamed.ali@example.tn'),
(57, 'Lara Müller', 'Steindamm 12, Hamburg, Germany', 'lara.mueller@example.de'),
(58, 'Nina Petrova', 'Nevsky Prospect 101, St. Petersburg, Russia', 'nina.petrova@example.ru'),
(59, 'Elena Ivanova', 'Pushkin St. 99, Moscow, Russia', 'elena.ivanova@example.ru'),
(60, 'Abdi Yusuf', 'Jamhuri Street, Nairobi, Kenya', 'abdi.yusuf@example.ke'),
(61, 'Fatoumata Diop', 'Dakar, Senegal', 'fatoumata.diop@example.sn'),
(62, 'William Anderson', '25 Cherry Street, London, England', 'william.anderson@example.co.uk'),
(63, 'David Green', '47 North Road, New York, NY, United States', 'david.green@example.com'),
(64, 'Tariq Javed', 'G-12, Gulshan-e-Iqbal, Karachi, Pakistan', 'tariq.javed@example.pk'),
(65, 'Sara Jensen', 'Havnegade 33, Copenhagen, Denmark', 'sara.jensen@example.dk'),
(66, 'Omar Badr', 'Al-Mansour, Cairo, Egypt', 'omar.badr@example.eg'),
(67, 'Angelica Silva', 'Rua da República 100, São Paulo, Brazil', 'angelica.silva@example.br'),
(68, 'Alessandro Moretti', 'Via della Vite 24, Rome, Italy', 'alessandro.moretti@example.it'),
(69, 'Emily Clark', '55 Lincoln Ave, Boston, MA, United States', 'emily.clark@example.com'),
(70, 'Liu Fang', 'Dongzhimen Wai Street 22, Beijing, China', 'liu.fang@example.cn'),
(71, 'Tarek Hussein', 'Riyadh, Saudi Arabia', 'tarek.hussein@example.sa'),
(72, 'Elisabeth Müller', 'Adenauerallee 72, Düsseldorf, Germany', 'elisabeth.mueller@example.de'),
(73, 'Antonio Rossi', 'Via Roma 8, Turin, Italy', 'antonio.rossi@example.it'),
(74, 'Isabelle Laurent', 'Montmartre, Paris, France', 'isabelle.laurent@example.fr'),
(75, 'Jian Li', 'Xiangyin Road 17, Chengdu, China', 'jian.li@example.cn'),
(76, 'Claire Johnson', '154 Cherrywood Drive, Toronto, Canada', 'claire.johnson@example.ca'),
(77, 'Carlos García', 'Calle Ponce de León 55, Seville, Spain', 'carlos.garcia@example.es'),
(78, 'Priya Singh', 'M-19, Rajouri Garden, New Delhi, India', 'priya.singh@example.in'),
(79, 'Peter Wright', '63 Kensington Park, London, England', 'peter.wright@example.co.uk'),
(80, 'Karla Navarro', 'Calle de la República 205, Buenos Aires, Argentina', 'karla.navarro@example.ar'),
(81, 'James Scott', '442 Queen Street, Toronto, Canada', 'james.scott@example.ca'),
(82, 'Rita Fernández', 'Avenida Diagonal 34, Barcelona, Spain', 'rita.fernandez@example.es'),
(83, 'Nina Weber', 'Landstraße 72, Vienna, Austria', 'nina.weber@example.at'),
(84, 'Zhen Zhao', 'Fuxing Road 88, Shanghai, China', 'zhen.zhao@example.cn'),
(85, 'David Lee', 'Seoul Station, South Korea', 'david.lee@example.kr'),
(86, 'Frederico Souza', 'Rua dos Três Irmãos 56, Rio de Janeiro, Brazil', 'frederico.souza@example.br'),
(87, 'Marek Kowalski', 'Słowiańska 89, Warsaw, Poland', 'marek.kowalski@example.pl'),
(88, 'Paul Martínez', 'Calle de la Princesa 56, Madrid, Spain', 'paul.martinez@example.es'),
(89, 'Roxana Vázquez', 'Avenida Presidente Masaryk 112, Mexico City, Mexico', 'roxana.vazquez@example.mx'),
(90, 'Miyuki Sato', 'Kita-ku, Osaka, Japan', 'miyuki.sato@example.jp'),
(91, 'Ayesha Khan', 'Gulshan-2, Dhaka, Bangladesh', 'ayesha.khan@example.bd'),
(92, 'Amir Hosseini', 'Tehran, Iran', 'amir.hosseini@example.ir'),
(93, 'Giovanni Ricci', 'Vicolo dei Chiodi 12, Venice, Italy', 'giovanni.ricci@example.it'),
(94, 'Thomas Fischer', 'Kaiserstraße 45, Frankfurt, Germany', 'thomas.fischer@example.de'),
(95, 'Catherine Walker', '98 Lincoln Street, Manchester, United Kingdom', 'catherine.walker@example.co.uk'),
(96, 'Yara Abaza', 'Doha, Qatar', 'yara.abaza@example.qa'),
(97, 'Igor Petrov', 'Volkova 24, Saint Petersburg, Russia', 'igor.petrov@example.ru'),
(98, 'Lukas Müller', 'Adenauerplatz 10, Berlin, Germany', 'lukas.mueller@example.de'),
(99, 'Francesco Bianchi', 'Viale Regina Margherita 99, Rome, Italy', 'francesco.bianchi@example.it'),
(100, 'Lina Olsson', 'Västra Gatan 16, Gothenburg, Sweden', 'lina.olsson@example.se');


-- Inserting mobile numbers for customers
INSERT INTO CustomerContact (cuscon_id, c_id, mob_no) VALUES (101, 1, '9876543210');
INSERT INTO CustomerContact (cuscon_id, c_id, mob_no) VALUES (102, 2, '9876543211');
INSERT INTO CustomerContact (cuscon_id, c_id, mob_no) VALUES (3, 3, '9876543212');
INSERT INTO CustomerContact (cuscon_id, c_id, mob_no) VALUES (4, 4, '9876543213');
INSERT INTO CustomerContact (cuscon_id, c_id, mob_no) VALUES (5, 5, '9876543214');
INSERT INTO CustomerContact (cuscon_id, c_id, mob_no) VALUES (6, 6, '9876543215');
INSERT INTO CustomerContact (cuscon_id, c_id, mob_no) VALUES (7, 7, '9876543216');
INSERT INTO CustomerContact (cuscon_id, c_id, mob_no) VALUES (8, 8, '9876543217');
INSERT INTO CustomerContact (cuscon_id, c_id, mob_no) VALUES (9, 9, '9876543218');
INSERT INTO CustomerContact (cuscon_id, c_id, mob_no) VALUES (10, 10, '9876543219');
INSERT INTO CustomerContact (cuscon_id, c_id, mob_no) VALUES (11, 11, '9876543220');
INSERT INTO CustomerContact (cuscon_id, c_id, mob_no) VALUES (12, 12, '9876543221');
INSERT INTO CustomerContact (cuscon_id, c_id, mob_no) VALUES (13, 13, '9876543222');
INSERT INTO CustomerContact (cuscon_id, c_id, mob_no) VALUES (14, 14, '9876543223');
INSERT INTO CustomerContact (cuscon_id, c_id, mob_no) VALUES (15, 15, '9876543224');
INSERT INTO CustomerContact (cuscon_id, c_id, mob_no) VALUES (16, 16, '9876543225');
INSERT INTO CustomerContact (cuscon_id, c_id, mob_no) VALUES (17, 17, '9876543226');
INSERT INTO CustomerContact (cuscon_id, c_id, mob_no) VALUES (18, 18, '9876543227');
INSERT INTO CustomerContact (cuscon_id, c_id, mob_no) VALUES (19, 19, '9876543228');
INSERT INTO CustomerContact (cuscon_id, c_id, mob_no) VALUES (20, 20, '9876543229');
INSERT INTO CustomerContact (cuscon_id, c_id, mob_no) VALUES (21, 21, '9876543230');
INSERT INTO CustomerContact (cuscon_id, c_id, mob_no) VALUES (22, 22, '9876543231');
INSERT INTO CustomerContact (cuscon_id, c_id, mob_no) VALUES (23, 23, '9876543232');
INSERT INTO CustomerContact (cuscon_id, c_id, mob_no) VALUES (24, 24, '9876543233');
INSERT INTO CustomerContact (cuscon_id, c_id, mob_no) VALUES (25, 25, '9876543234');
INSERT INTO CustomerContact (cuscon_id, c_id, mob_no) VALUES (26, 26, '9876543235');
INSERT INTO CustomerContact (cuscon_id, c_id, mob_no) VALUES (27, 27, '9876543236');
INSERT INTO CustomerContact (cuscon_id, c_id, mob_no) VALUES (28, 28, '9876543237');
INSERT INTO CustomerContact (cuscon_id, c_id, mob_no) VALUES (29, 29, '9876543238');
INSERT INTO CustomerContact (cuscon_id, c_id, mob_no) VALUES (30, 30, '9876543239');
INSERT INTO CustomerContact (cuscon_id, c_id, mob_no) VALUES (31, 31, '9876543240');
INSERT INTO CustomerContact (cuscon_id, c_id, mob_no) VALUES (32, 32, '9876543241');
INSERT INTO CustomerContact (cuscon_id, c_id, mob_no) VALUES (33, 33, '9876543242');
INSERT INTO CustomerContact (cuscon_id, c_id, mob_no) VALUES (34, 34, '9876543243');
INSERT INTO CustomerContact (cuscon_id, c_id, mob_no) VALUES (35, 35, '9876543244');
INSERT INTO CustomerContact (cuscon_id, c_id, mob_no) VALUES (36, 36, '9876543245');
INSERT INTO CustomerContact (cuscon_id, c_id, mob_no) VALUES (37, 37, '9876543246');
INSERT INTO CustomerContact (cuscon_id, c_id, mob_no) VALUES (38, 38, '9876543247');
INSERT INTO CustomerContact (cuscon_id, c_id, mob_no) VALUES (39, 39, '9876543248');
INSERT INTO CustomerContact (cuscon_id, c_id, mob_no) VALUES (40, 40, '9876543249');
INSERT INTO CustomerContact (cuscon_id, c_id, mob_no) VALUES (41, 41, '9876543250');
INSERT INTO CustomerContact (cuscon_id, c_id, mob_no) VALUES (42, 42, '9876543251');
INSERT INTO CustomerContact (cuscon_id, c_id, mob_no) VALUES (43, 43, '9876543252');
INSERT INTO CustomerContact (cuscon_id, c_id, mob_no) VALUES (44, 44, '9876543253');
INSERT INTO CustomerContact (cuscon_id, c_id, mob_no) VALUES (45, 45, '9876543254');
INSERT INTO CustomerContact (cuscon_id, c_id, mob_no) VALUES (46, 46, '9876543255');
INSERT INTO CustomerContact (cuscon_id, c_id, mob_no) VALUES (47, 47, '9876543256');
INSERT INTO CustomerContact (cuscon_id, c_id, mob_no) VALUES (48, 48, '9876543257');
INSERT INTO CustomerContact (cuscon_id, c_id, mob_no) VALUES (49, 49, '9876543258');
INSERT INTO CustomerContact (cuscon_id, c_id, mob_no) VALUES (50, 50, '9876543259');
INSERT INTO CustomerContact (cuscon_id, c_id, mob_no) VALUES (51, 51, '9876543260');
INSERT INTO CustomerContact (cuscon_id, c_id, mob_no) VALUES (52, 52, '9876543261');
INSERT INTO CustomerContact (cuscon_id, c_id, mob_no) VALUES (53, 53, '9876543262');
INSERT INTO CustomerContact (cuscon_id, c_id, mob_no) VALUES (54, 54, '9876543263');
INSERT INTO CustomerContact (cuscon_id, c_id, mob_no) VALUES (55, 55, '9876543264');
INSERT INTO CustomerContact (cuscon_id, c_id, mob_no) VALUES (56, 56, '9876543265');
INSERT INTO CustomerContact (cuscon_id, c_id, mob_no) VALUES (57, 57, '9876543266');
INSERT INTO CustomerContact (cuscon_id, c_id, mob_no) VALUES (58, 58, '9876543267');
INSERT INTO CustomerContact (cuscon_id, c_id, mob_no) VALUES (59, 59, '9876543268');
INSERT INTO CustomerContact (cuscon_id, c_id, mob_no) VALUES (60, 60, '9876543269');
INSERT INTO CustomerContact (cuscon_id, c_id, mob_no) VALUES (61, 61, '9876543270');
INSERT INTO CustomerContact (cuscon_id, c_id, mob_no) VALUES (62, 62, '9876543271');
INSERT INTO CustomerContact (cuscon_id, c_id, mob_no) VALUES (63, 63, '9876543272');
INSERT INTO CustomerContact (cuscon_id, c_id, mob_no) VALUES (64, 64, '9876543273');
INSERT INTO CustomerContact (cuscon_id, c_id, mob_no) VALUES (65, 65, '9876543274');
INSERT INTO CustomerContact (cuscon_id, c_id, mob_no) VALUES (66, 66, '9876543275');
INSERT INTO CustomerContact (cuscon_id, c_id, mob_no) VALUES (67, 67, '9876543276');
INSERT INTO CustomerContact (cuscon_id, c_id, mob_no) VALUES (68, 68, '9876543277');
INSERT INTO CustomerContact (cuscon_id, c_id, mob_no) VALUES (69, 69, '9876543278');
INSERT INTO CustomerContact (cuscon_id, c_id, mob_no) VALUES (70, 70, '9876543279');
INSERT INTO CustomerContact (cuscon_id, c_id, mob_no) VALUES (71, 71, '9876543280');
INSERT INTO CustomerContact (cuscon_id, c_id, mob_no) VALUES (72, 72, '9876543281');
INSERT INTO CustomerContact (cuscon_id, c_id, mob_no) VALUES (73, 73, '9876543282');
INSERT INTO CustomerContact (cuscon_id, c_id, mob_no) VALUES (74, 74, '9876543283');
INSERT INTO CustomerContact (cuscon_id, c_id, mob_no) VALUES (75, 75, '9876543284');
INSERT INTO CustomerContact (cuscon_id, c_id, mob_no) VALUES (76, 76, '9876543285');
INSERT INTO CustomerContact (cuscon_id, c_id, mob_no) VALUES (77, 77, '9876543286');
INSERT INTO CustomerContact (cuscon_id, c_id, mob_no) VALUES (78, 78, '9876543287');
INSERT INTO CustomerContact (cuscon_id, c_id, mob_no) VALUES (79, 79, '9876543288');
INSERT INTO CustomerContact (cuscon_id, c_id, mob_no) VALUES (80, 80, '9876543289');
INSERT INTO CustomerContact (cuscon_id, c_id, mob_no) VALUES (81, 81, '9876543290');
INSERT INTO CustomerContact (cuscon_id, c_id, mob_no) VALUES (82, 82, '9876543291');
INSERT INTO CustomerContact (cuscon_id, c_id, mob_no) VALUES (83, 83, '9876543292');
INSERT INTO CustomerContact (cuscon_id, c_id, mob_no) VALUES (84, 84, '9876543293');
INSERT INTO CustomerContact (cuscon_id, c_id, mob_no) VALUES (85, 85, '9876543294');
INSERT INTO CustomerContact (cuscon_id, c_id, mob_no) VALUES (86, 86, '9876543295');
INSERT INTO CustomerContact (cuscon_id, c_id, mob_no) VALUES (87, 87, '9876543296');
INSERT INTO CustomerContact (cuscon_id, c_id, mob_no) VALUES (88, 88, '9876543297');
INSERT INTO CustomerContact (cuscon_id, c_id, mob_no) VALUES (89, 89, '9876543298');
INSERT INTO CustomerContact (cuscon_id, c_id, mob_no) VALUES (90, 90, '9876543299');
INSERT INTO CustomerContact (cuscon_id, c_id, mob_no) VALUES (91, 91, '9876543300');
INSERT INTO CustomerContact (cuscon_id, c_id, mob_no) VALUES (92, 92, '9876543301');
INSERT INTO CustomerContact (cuscon_id, c_id, mob_no) VALUES (93, 93, '9876543302');
INSERT INTO CustomerContact (cuscon_id, c_id, mob_no) VALUES (94, 94, '9876543303');
INSERT INTO CustomerContact (cuscon_id, c_id, mob_no) VALUES (95, 95, '9876543304');
INSERT INTO CustomerContact (cuscon_id, c_id, mob_no) VALUES (96, 96, '9876543305');
INSERT INTO CustomerContact (cuscon_id, c_id, mob_no) VALUES (97, 97, '9876543306');
INSERT INTO CustomerContact (cuscon_id, c_id, mob_no) VALUES (98, 98, '9876543307');
INSERT INTO CustomerContact (cuscon_id, c_id, mob_no) VALUES (99, 99, '9876543308');
INSERT INTO CustomerContact (cuscon_id, c_id, mob_no) VALUES (100, 100, '9876543309');

-- Insert 100 personnel, each with a business ID and a role (Driver, Sailor, Pilot, Train Loco Pilot)
-- Ensure at least 2 personnel per business
INSERT INTO Personnel (p_id, b_id, name, address, gender, role) VALUES
(1, 1, 'John Doe', '123 Business St, City', 'M', 'Driver'),
(2, 1, 'Jane Smith', '456 Business Ave, City', 'F', 'Pilot'),
(3, 2, 'Alice Johnson', '789 Business Blvd, City', 'F', 'Sailor'),
(4, 2, 'Bob Brown', '321 Business Rd, City', 'M', 'Train Loco Pilot'),
(5, 3, 'Charlie Davis', '234 Business Ln, City', 'M', 'Driver'),
(6, 3, 'Diana Green', '567 Business Dr, City', 'F', 'Sailor'),
(7, 4, 'Edward White', '890 Business Pkwy, City', 'M', 'Pilot'),
(8, 4, 'Fiona Black', '112 Business Pl, City', 'F', 'Driver'),
(9, 5, 'George Harris', '223 Business Rd, City', 'M', 'Train Loco Pilot'),
(10, 5, 'Hannah Clark', '334 Business Blvd, City', 'F', 'Sailor'),
(11, 6, 'Ibrahim Lewis', '445 Business Ave, City', 'M', 'Pilot'),
(12, 6, 'Jessica Turner', '556 Business Ln, City', 'F', 'Driver'),
(13, 7, 'Kyle Mitchell', '667 Business St, City', 'M', 'Sailor'),
(14, 7, 'Laura Scott', '778 Business Pkwy, City', 'F', 'Train Loco Pilot'),
(15, 8, 'Mike King', '889 Business Rd, City', 'M', 'Pilot'),
(16, 8, 'Nina Anderson', '990 Business Dr, City', 'F', 'Sailor'),
(17, 9, 'Oscar Martinez', '111 Business Blvd, City', 'M', 'Driver'),
(18, 9, 'Pamela Harris', '222 Business Ln, City', 'F', 'Train Loco Pilot'),
(19, 10, 'Quincy Moore', '333 Business Ave, City', 'M', 'Sailor'),
(20, 10, 'Rita Young', '444 Business St, City', 'F', 'Pilot'),
(21, 11, 'Samuel Lee', '555 Business Pkwy, City', 'M', 'Driver'),
(22, 11, 'Tina Carter', '666 Business Rd, City', 'F', 'Train Loco Pilot'),
(23, 12, 'Umar Robinson', '777 Business Blvd, City', 'M', 'Sailor'),
(24, 12, 'Vera Nelson', '888 Business Ln, City', 'F', 'Pilot'),
(25, 13, 'William Collins', '999 Business Dr, City', 'M', 'Driver'),
(26, 13, 'Xena Mitchell', '100 Business Ave, City', 'F', 'Train Loco Pilot'),
(27, 14, 'Yusuf Ward', '200 Business Pkwy, City', 'M', 'Sailor'),
(28, 14, 'Zara Adams', '300 Business Blvd, City', 'F', 'Pilot'),
(29, 15, 'Abel Perez', '400 Business Rd, City', 'M', 'Driver'),
(30, 15, 'Betty Gonzalez', '500 Business Ln, City', 'F', 'Train Loco Pilot'),
(31, 16, 'Carlos Ramirez', '600 Business St, City', 'M', 'Sailor'),
(32, 16, 'Diana Wilson', '700 Business Ave, City', 'F', 'Pilot'),
(33, 17, 'Elena Moore', '800 Business Pkwy, City', 'F', 'Driver'),
(34, 17, 'Felix Lee', '900 Business Blvd, City', 'M', 'Train Loco Pilot'),
(35, 18, 'Gina Evans', '1000 Business Rd, City', 'F', 'Sailor'),
(36, 18, 'Hector Perez', '1100 Business Ln, City', 'M', 'Pilot'),
(37, 19, 'Irene Foster', '1200 Business Dr, City', 'F', 'Driver'),
(38, 19, 'Jack Taylor', '1300 Business St, City', 'M', 'Train Loco Pilot'),
(39, 20, 'Kylie Roberts', '1400 Business Ave, City', 'F', 'Sailor'),
(40, 20, 'Liam Hughes', '1500 Business Pkwy, City', 'M', 'Pilot'),
(41, 21, 'Maria Price', '1600 Business Blvd, City', 'F', 'Driver'),
(42, 21, 'Nathan Foster', '1700 Business Rd, City', 'M', 'Train Loco Pilot'),
(43, 22, 'Olivia Coleman', '1800 Business Ln, City', 'F', 'Sailor'),
(44, 22, 'Paul Williams', '1900 Business Ave, City', 'M', 'Pilot'),
(45, 23, 'Quincy James', '2000 Business St, City', 'M', 'Driver'),
(46, 23, 'Rosa Diaz', '2100 Business Blvd, City', 'F', 'Train Loco Pilot'),
(47, 24, 'Sophie King', '2200 Business Pkwy, City', 'F', 'Sailor'),
(48, 24, 'Tom White', '2300 Business Rd, City', 'M', 'Pilot'),
(49, 25, 'Uma Patel', '2400 Business Blvd, City', 'F', 'Driver'),
(50, 25, 'Victor Brown', '2500 Business Ave, City', 'M', 'Train Loco Pilot'),
(51, 26, 'Wendy Garcia', '2600 Business St, City', 'F', 'Sailor'),
(52, 26, 'Xander Hernandez', '2700 Business Ln, City', 'M', 'Pilot'),
(53, 27, 'Yara Smith', '2800 Business Pkwy, City', 'F', 'Driver'),
(54, 27, 'Zane Martin', '2900 Business Rd, City', 'M', 'Train Loco Pilot'),
(55, 28, 'Adrian Thompson', '3000 Business Blvd, City', 'M', 'Sailor'),
(56, 28, 'Brianna Lee', '3100 Business Ln, City', 'F', 'Pilot'),
(57, 29, 'Carla Reed', '3200 Business Ave, City', 'F', 'Driver'),
(58, 29, 'Dwayne Walker', '3300 Business St, City', 'M', 'Train Loco Pilot'),
(59, 30, 'Ella Harris', '3400 Business Blvd, City', 'F', 'Sailor'),
(60, 30, 'Felix Walker', '3500 Business Pkwy, City', 'M', 'Pilot'),
(61, 31, 'Graham Morris', '3600 Business Ave, City', 'M', 'Driver'),
(62, 31, 'Holly Clark', '3700 Business Blvd, City', 'F', 'Train Loco Pilot'),
(63, 32, 'Isla Wright', '3800 Business Pkwy, City', 'F', 'Sailor'),
(64, 32, 'Jacob Clark', '3900 Business Rd, City', 'M', 'Pilot'),
(65, 33, 'Karen Lee', '4000 Business St, City', 'F', 'Driver'),
(66, 33, 'Landon Robinson', '4100 Business Ln, City', 'M', 'Train Loco Pilot'),
(67, 34, 'Mariah Hill', '4200 Business Blvd, City', 'F', 'Sailor'),
(68, 34, 'Noah Adams', '4300 Business Pkwy, City', 'M', 'Pilot'),
(69, 35, 'Olivia Wright', '4400 Business Rd, City', 'F', 'Driver'),
(70, 35, 'Peter Green', '4500 Business Ave, City', 'M', 'Train Loco Pilot'),
(71, 36, 'Quinn Brown', '4600 Business Blvd, City', 'M', 'Sailor'),
(72, 36, 'Riley White', '4700 Business Pkwy, City', 'F', 'Pilot'),
(73, 37, 'Sophie Davis', '4800 Business Rd, City', 'F', 'Driver'),
(74, 37, 'Tom Collins', '4900 Business Ave, City', 'M', 'Train Loco Pilot'),
(75, 38, 'Ursula Smith', '5000 Business Blvd, City', 'F', 'Sailor'),
(76, 38, 'Victor Harris', '5100 Business St, City', 'M', 'Pilot'),
(77, 39, 'Willow Johnson', '5200 Business Ave, City', 'F', 'Driver'),
(78, 39, 'Xander Walker', '5300 Business Pkwy, City', 'M', 'Train Loco Pilot'),
(79, 40, 'Yasmin Turner', '5400 Business Blvd, City', 'F', 'Sailor'),
(80, 40, 'Zane Carter', '5500 Business Rd, City', 'M', 'Pilot'),
(81, 41, 'Adam Wilson', '5600 Business Ave, City', 'M', 'Driver'),
(82, 41, 'Betty Hall', '5700 Business Blvd, City', 'F', 'Train Loco Pilot'),
(83, 42, 'Carlos Turner', '5800 Business Pkwy, City', 'M', 'Sailor'),
(84, 42, 'Debbie Green', '5900 Business Rd, City', 'F', 'Pilot'),
(85, 43, 'Eliot Evans', '6000 Business Blvd, City', 'M', 'Driver'),
(86, 43, 'Fiona Kelly', '6100 Business Ave, City', 'F', 'Train Loco Pilot'),
(87, 44, 'Gary Martin', '6200 Business Pkwy, City', 'M', 'Sailor'),
(88, 44, 'Hannah Nelson', '6300 Business Rd, City', 'F', 'Pilot'),
(89, 45, 'Iris Garcia', '6400 Business Ave, City', 'F', 'Driver'),
(90, 45, 'Jake Walker', '6500 Business Blvd, City', 'M', 'Train Loco Pilot'),
(91, 46, 'Kevin Adams', '6600 Business Pkwy, City', 'M', 'Sailor'),
(92, 46, 'Lydia Baker', '6700 Business Rd, City', 'F', 'Pilot'),
(93, 47, 'Maggie Green', '6800 Business Blvd, City', 'F', 'Driver'),
(94, 47, 'Nathaniel Moore', '6900 Business Pkwy, City', 'M', 'Train Loco Pilot'),
(95, 48, 'Olivia Wright', '7000 Business Ave, City', 'F', 'Sailor'),
(96, 48, 'Parker Davis', '7100 Business Rd, City', 'M', 'Pilot'),
(97, 49, 'Quincy Fisher', '7200 Business Blvd, City', 'M', 'Driver'),
(98, 49, 'Rosa Thomas', '7300 Business Ave, City', 'F', 'Train Loco Pilot'),
(99, 50, 'Samuel Williams', '7400 Business Pkwy, City', 'M', 'Sailor'),
(100, 50, 'Tina White', '7500 Business Rd, City', 'F', 'Pilot');


INSERT INTO Personnel (p_id, b_id, name, address, gender, role) 
VALUES
(101, 51, 'Aiden Walker', '7600 Business Blvd, City', 'M', 'Driver'),
(102, 51, 'Bella Scott', '7700 Business St, City', 'F', 'Sailor'),
(103, 52, 'Charlie Harris', '7800 Business Ave, City', 'M', 'Pilot'),
(104, 52, 'Daisy Adams', '7900 Business Pkwy, City', 'F', 'Train Loco Pilot'),
(105, 53, 'Ethan Robinson', '8000 Business Blvd, City', 'M', 'Driver'),
(106, 53, 'Fiona Wilson', '8100 Business Rd, City', 'F', 'Sailor'),
(107, 54, 'George Evans', '8200 Business St, City', 'M', 'Pilot'),
(108, 54, 'Hannah Taylor', '8300 Business Ave, City', 'F', 'Train Loco Pilot'),
(109, 55, 'Ivy Martinez', '8400 Business Blvd, City', 'F', 'Driver'),
(110, 55, 'Jack Hall', '8500 Business Pkwy, City', 'M', 'Sailor'),
(111, 56, 'Kara White', '8600 Business Rd, City', 'F', 'Pilot'),
(112, 56, 'Liam Turner', '8700 Business Blvd, City', 'M', 'Train Loco Pilot'),
(113, 57, 'Mason Brown', '8800 Business St, City', 'M', 'Driver'),
(114, 57, 'Nina Johnson', '8900 Business Ave, City', 'F', 'Sailor'),
(115, 58, 'Oscar Miller', '9000 Business Pkwy, City', 'M', 'Pilot'),
(116, 58, 'Penelope Clark', '9100 Business Blvd, City', 'F', 'Train Loco Pilot'),
(117, 59, 'Quincy Walker', '9200 Business Rd, City', 'M', 'Driver'),
(118, 59, 'Riley Adams', '9300 Business Blvd, City', 'F', 'Sailor'),
(119, 60, 'Sophia Lee', '9400 Business Ave, City', 'F', 'Pilot'),
(120, 60, 'Tyler Scott', '9500 Business Pkwy, City', 'M', 'Train Loco Pilot'),
(121, 61, 'Uma Roberts', '9600 Business Blvd, City', 'F', 'Driver'),
(122, 61, 'Victor Harris', '9700 Business Rd, City', 'M', 'Sailor'),
(123, 62, 'Wendy Carter', '9800 Business Ave, City', 'F', 'Pilot'),
(124, 62, 'Xander Green', '9900 Business Pkwy, City', 'M', 'Train Loco Pilot'),
(125, 63, 'Yara Thomas', '10000 Business Blvd, City', 'F', 'Driver'),
(126, 63, 'Zane Wilson', '10100 Business Rd, City', 'M', 'Sailor'),
(127, 64, 'Adam Baker', '10200 Business Ave, City', 'M', 'Pilot'),
(128, 64, 'Betty Moore', '10300 Business Blvd, City', 'F', 'Train Loco Pilot'),
(129, 65, 'Carlos Davis', '10400 Business Pkwy, City', 'M', 'Driver'),
(130, 65, 'Debbie Wright', '10500 Business Rd, City', 'F', 'Sailor'),
(131, 66, 'Eliot Wilson', '10600 Business Ave, City', 'M', 'Pilot'),
(132, 66, 'Fiona Davis', '10700 Business Blvd, City', 'F', 'Train Loco Pilot'),
(133, 67, 'George Taylor', '10800 Business Pkwy, City', 'M', 'Driver'),
(134, 67, 'Hannah Martin', '10900 Business Rd, City', 'F', 'Sailor'),
(135, 68, 'Iris Johnson', '11000 Business Blvd, City', 'F', 'Pilot'),
(136, 68, 'Jake Clark', '11100 Business Ave, City', 'M', 'Train Loco Pilot'),
(137, 69, 'Kevin Lee', '11200 Business Pkwy, City', 'M', 'Driver'),
(138, 69, 'Lydia Wright', '11300 Business Rd, City', 'F', 'Sailor'),
(139, 70, 'Maggie Evans', '11400 Business Blvd, City', 'F', 'Pilot'),
(140, 70, 'Nathaniel Brown', '11500 Business Ave, City', 'M', 'Train Loco Pilot'),
(141, 71, 'Olivia Roberts', '11600 Business Pkwy, City', 'F', 'Driver'),
(142, 71, 'Parker Walker', '11700 Business Rd, City', 'M', 'Sailor'),
(143, 72, 'Quincy Taylor', '11800 Business Blvd, City', 'M', 'Pilot'),
(144, 72, 'Rosa Green', '11900 Business Ave, City', 'F', 'Train Loco Pilot'),
(145, 73, 'Samuel Brown', '12000 Business Pkwy, City', 'M', 'Driver'),
(146, 73, 'Tina Lee', '12100 Business Rd, City', 'F', 'Sailor'),
(147, 74, 'Uma White', '12200 Business Blvd, City', 'F', 'Pilot'),
(148, 74, 'Victor Evans', '12300 Business Ave, City', 'M', 'Train Loco Pilot'),
(149, 75, 'Wendy Carter', '12400 Business Pkwy, City', 'F', 'Driver'),
(150, 75, 'Xander Martin', '12500 Business Rd, City', 'M', 'Sailor');


INSERT INTO Personnel (p_id, b_id, name, address, gender, role) 
VALUES
(151, 76, 'Yara Walker', '12600 Business Blvd, City', 'F', 'Driver'),
(152, 76, 'Zane Davis', '12700 Business Ave, City', 'M', 'Sailor'),
(153, 77, 'Adam Thomas', '12800 Business Pkwy, City', 'M', 'Pilot'),
(154, 77, 'Betty Johnson', '12900 Business Rd, City', 'F', 'Train Loco Pilot'),
(155, 78, 'Carlos Green', '13000 Business Blvd, City', 'M', 'Driver'),
(156, 78, 'Debbie Walker', '13100 Business Ave, City', 'F', 'Sailor'),
(157, 79, 'Eliot Carter', '13200 Business Pkwy, City', 'M', 'Pilot'),
(158, 79, 'Fiona Lee', '13300 Business Rd, City', 'F', 'Train Loco Pilot'),
(159, 80, 'George Adams', '13400 Business Blvd, City', 'M', 'Driver'),
(160, 80, 'Hannah Wright', '13500 Business Ave, City', 'F', 'Sailor'),
(161, 81, 'Iris Moore', '13600 Business Pkwy, City', 'F', 'Pilot'),
(162, 81, 'Jake Roberts', '13700 Business Rd, City', 'M', 'Train Loco Pilot'),
(163, 82, 'Kevin White', '13800 Business Blvd, City', 'M', 'Driver'),
(164, 82, 'Lydia Carter', '13900 Business Ave, City', 'F', 'Sailor'),
(165, 83, 'Maggie Lee', '14000 Business Pkwy, City', 'F', 'Pilot'),
(166, 83, 'Nathaniel Brown', '14100 Business Rd, City', 'M', 'Train Loco Pilot'),
(167, 84, 'Olivia Roberts', '14200 Business Blvd, City', 'F', 'Driver'),
(168, 84, 'Parker Green', '14300 Business Ave, City', 'M', 'Sailor'),
(169, 85, 'Quincy Wilson', '14400 Business Pkwy, City', 'M', 'Pilot'),
(170, 85, 'Rosa Martin', '14500 Business Rd, City', 'F', 'Train Loco Pilot'),
(171, 86, 'Samuel White', '14600 Business Blvd, City', 'M', 'Driver'),
(172, 86, 'Tina Roberts', '14700 Business Ave, City', 'F', 'Sailor'),
(173, 87, 'Uma Davis', '14800 Business Pkwy, City', 'F', 'Pilot'),
(174, 87, 'Victor Walker', '14900 Business Rd, City', 'M', 'Train Loco Pilot'),
(175, 88, 'Wendy Green', '15000 Business Blvd, City', 'F', 'Driver'),
(176, 88, 'Xander Brown', '15100 Business Ave, City', 'M', 'Sailor'),
(177, 89, 'Yara Lee', '15200 Business Pkwy, City', 'F', 'Pilot'),
(178, 89, 'Zane Taylor', '15300 Business Rd, City', 'M', 'Train Loco Pilot'),
(179, 90, 'Adam Wilson', '15400 Business Blvd, City', 'M', 'Driver'),
(180, 90, 'Betty Brown', '15500 Business Ave, City', 'F', 'Sailor'),
(181, 91, 'Carlos Carter', '15600 Business Pkwy, City', 'M', 'Pilot'),
(182, 91, 'Debbie White', '15700 Business Rd, City', 'F', 'Train Loco Pilot'),
(183, 92, 'Eliot Green', '15800 Business Blvd, City', 'M', 'Driver'),
(184, 92, 'Fiona Davis', '15900 Business Ave, City', 'F', 'Sailor'),
(185, 93, 'George Lee', '16000 Business Pkwy, City', 'M', 'Pilot'),
(186, 93, 'Hannah Moore', '16100 Business Rd, City', 'F', 'Train Loco Pilot'),
(187, 94, 'Iris Taylor', '16200 Business Blvd, City', 'F', 'Driver'),
(188, 94, 'Jake Carter', '16300 Business Ave, City', 'M', 'Sailor'),
(189, 95, 'Kevin Roberts', '16400 Business Pkwy, City', 'M', 'Pilot'),
(190, 95, 'Lydia Walker', '16500 Business Rd, City', 'F', 'Train Loco Pilot'),
(191, 96, 'Maggie Green', '16600 Business Blvd, City', 'F', 'Driver'),
(192, 96, 'Nathaniel Lee', '16700 Business Ave, City', 'M', 'Sailor'),
(193, 97, 'Olivia Taylor', '16800 Business Pkwy, City', 'F', 'Pilot'),
(194, 97, 'Parker Brown', '16900 Business Rd, City', 'M', 'Train Loco Pilot'),
(195, 98, 'Quincy Roberts', '17000 Business Blvd, City', 'M', 'Driver'),
(196, 98, 'Rosa Walker', '17100 Business Ave, City', 'F', 'Sailor'),
(197, 99, 'Samuel Green', '17200 Business Pkwy, City', 'M', 'Pilot'),
(198, 99, 'Tina Carter', '17300 Business Rd, City', 'F', 'Train Loco Pilot'),
(199, 100, 'Uma Brown', '17400 Business Blvd, City', 'F', 'Driver'),
(200, 100, 'Victor Lee', '17500 Business Ave, City', 'M', 'Sailor');


INSERT INTO PersonnelContact (percon_id, p_id, mob_no) VALUES
(1, 1, '9000000001'),
(2, 1, '9000000002'),
(3, 2, '9000000003'),
(4, 3, '9000000004'),
(5, 3, '9000000005'),
(6, 4, '9000000006'),
(7, 5, '9000000007'),
(8, 6, '9000000008'),
(9, 6, '9000000009'),
(10, 7, '9000000010'),
(11, 8, '9000000011'),
(12, 9, '9000000012'),
(13, 9, '9000000013'),
(14, 10, '9000000014'),
(15, 11, '9000000015'),
(16, 12, '9000000016'),
(17, 12, '9000000017'),
(18, 13, '9000000018'),
(19, 14, '9000000019'),
(20, 15, '9000000020'),
(21, 15, '9000000021'),
(22, 16, '9000000022'),
(23, 17, '9000000023'),
(24, 18, '9000000024'),
(25, 19, '9000000025'),
(26, 20, '9000000026'),
(27, 20, '9000000027'),
(28, 21, '9000000028'),
(29, 22, '9000000029'),
(30, 23, '9000000030'),
(31, 23, '9000000031'),
(32, 24, '9000000032'),
(33, 25, '9000000033'),
(34, 26, '9000000034'),
(35, 26, '9000000035'),
(36, 27, '9000000036'),
(37, 28, '9000000037'),
(38, 29, '9000000038'),
(39, 30, '9000000039'),
(40, 31, '9000000040'),
(41, 31, '9000000041'),
(42, 32, '9000000042'),
(43, 33, '9000000043'),
(44, 34, '9000000044'),
(45, 35, '9000000045'),
(46, 35, '9000000046'),
(47, 36, '9000000047'),
(48, 37, '9000000048'),
(49, 38, '9000000049'),
(50, 39, '9000000050'),
(51, 40, '9000000051'),
(52, 40, '9000000052'),
(53, 41, '9000000053'),
(54, 42, '9000000054'),
(55, 43, '9000000055'),
(56, 44, '9000000056'),
(57, 45, '9000000057'),
(58, 45, '9000000058'),
(59, 46, '9000000059'),
(60, 47, '9000000060'),
(61, 48, '9000000061'),
(62, 49, '9000000062'),
(63, 50, '9000000063'),
(64, 51, '9000000064'),
(65, 51, '9000000065'),
(66, 52, '9000000066'),
(67, 53, '9000000067'),
(68, 54, '9000000068'),
(69, 55, '9000000069'),
(70, 56, '9000000070'),
(71, 56, '9000000071'),
(72, 57, '9000000072'),
(73, 58, '9000000073'),
(74, 59, '9000000074'),
(75, 60, '9000000075'),
(76, 61, '9000000076'),
(77, 61, '9000000077'),
(78, 62, '9000000078'),
(79, 63, '9000000079'),
(80, 64, '9000000080'),
(81, 65, '9000000081'),
(82, 66, '9000000082'),
(83, 66, '9000000083'),
(84, 67, '9000000084'),
(85, 68, '9000000085'),
(86, 69, '9000000086'),
(87, 70, '9000000087'),
(88, 71, '9000000088'),
(89, 71, '9000000089'),
(90, 72, '9000000090'),
(91, 73, '9000000091'),
(92, 74, '9000000092'),
(93, 75, '9000000093'),
(94, 76, '9000000094'),
(95, 76, '9000000095'),
(96, 77, '9000000096'),
(97, 78, '9000000097'),
(98, 79, '9000000098'),
(99, 80, '9000000099'),
(100, 81, '9000000100');

-- Continuing from p_id = 82 to p_id = 200
INSERT INTO PersonnelContact (percon_id, p_id, mob_no) VALUES
(101, 82, '9000000101'),
(102, 82, '9000000102'),
(103, 83, '9000000103'),
(104, 84, '9000000104'),
(105, 85, '9000000105'),
(106, 85, '9000000106'),
(107, 86, '9000000107'),
(108, 87, '9000000108'),
(109, 88, '9000000109'),
(110, 88, '9000000110'),
(111, 89, '9000000111'),
(112, 90, '9000000112'),
(113, 91, '9000000113'),
(114, 91, '9000000114'),
(115, 92, '9000000115'),
(116, 93, '9000000116'),
(117, 94, '9000000117'),
(118, 94, '9000000118'),
(119, 95, '9000000119'),
(120, 96, '9000000120'),
(121, 97, '9000000121'),
(122, 98, '9000000122'),
(123, 98, '9000000123'),
(124, 99, '9000000124'),
(125, 100, '9000000125'),
(126, 101, '9000000126'),
(127, 102, '9000000127'),
(128, 102, '9000000128'),
(129, 103, '9000000129'),
(130, 104, '9000000130'),
(131, 105, '9000000131'),
(132, 106, '9000000132'),
(133, 106, '9000000133'),
(134, 107, '9000000134'),
(135, 108, '9000000135'),
(136, 109, '9000000136'),
(137, 110, '9000000137'),
(138, 111, '9000000138'),
(139, 111, '9000000139'),
(140, 112, '9000000140'),
(141, 113, '9000000141'),
(142, 114, '9000000142'),
(143, 114, '9000000143'),
(144, 115, '9000000144'),
(145, 116, '9000000145'),
(146, 117, '9000000146'),
(147, 118, '9000000147'),
(148, 119, '9000000148'),
(149, 119, '9000000149'),
(150, 120, '9000000150'),
(151, 121, '9000000151'),
(152, 122, '9000000152'),
(153, 123, '9000000153'),
(154, 124, '9000000154'),
(155, 124, '9000000155'),
(156, 125, '9000000156'),
(157, 126, '9000000157'),
(158, 127, '9000000158'),
(159, 128, '9000000159'),
(160, 129, '9000000160'),
(161, 130, '9000000161'),
(162, 131, '9000000162'),
(163, 132, '9000000163'),
(164, 133, '9000000164'),
(165, 134, '9000000165'),
(166, 134, '9000000166'),
(167, 135, '9000000167'),
(168, 136, '9000000168'),
(169, 137, '9000000169'),
(170, 138, '9000000170'),
(171, 139, '9000000171'),
(172, 140, '9000000172'),
(173, 141, '9000000173'),
(174, 142, '9000000174'),
(175, 142, '9000000175'),
(176, 143, '9000000176'),
(177, 144, '9000000177'),
(178, 145, '9000000178'),
(179, 146, '9000000179'),
(180, 147, '9000000180'),
(181, 147, '9000000181'),
(182, 148, '9000000182'),
(183, 149, '9000000183'),
(184, 150, '9000000184'),
(185, 151, '9000000185'),
(186, 152, '9000000186'),
(187, 153, '9000000187'),
(188, 153, '9000000188'),
(189, 154, '9000000189'),
(190, 155, '9000000190'),
(191, 156, '9000000191'),
(192, 156, '9000000192'),
(193, 157, '9000000193'),
(194, 158, '9000000194'),
(195, 159, '9000000195'),
(196, 160, '9000000196'),
(197, 161, '9000000197'),
(198, 161, '9000000198'),
(199, 162, '9000000199'),
(200, 163, '9000000200'),
(201, 164, '9000000201'),
(202, 165, '9000000202'),
(203, 166, '9000000203'),
(204, 167, '9000000204'),
(205, 168, '9000000205'),
(206, 168, '9000000206'),
(207, 169, '9000000207'),
(208, 170, '9000000208'),
(209, 171, '9000000209'),
(210, 172, '9000000210'),
(211, 173, '9000000211'),
(212, 174, '9000000212'),
(213, 175, '9000000213'),
(214, 176, '9000000214'),
(215, 177, '9000000215'),
(216, 177, '9000000216'),
(217, 178, '9000000217'),
(218, 179, '9000000218'),
(219, 180, '9000000219'),
(220, 181, '9000000220'),
(221, 182, '9000000221'),
(222, 183, '9000000222'),
(223, 184, '9000000223'),
(224, 185, '9000000224'),
(225, 185, '9000000225'),
(226, 186, '9000000226'),
(227, 187, '9000000227'),
(228, 188, '9000000228'),
(229, 189, '9000000229'),
(230, 190, '9000000230'),
(231, 191, '9000000231'),
(232, 192, '9000000232'),
(233, 193, '9000000233'),
(234, 193, '9000000234'),
(235, 194, '9000000235'),
(236, 195, '9000000236'),
(237, 196, '9000000237'),
(238, 197, '9000000238'),
(239, 198, '9000000239'),
(240, 199, '9000000240'),
(241, 200, '9000000241'),
(242, 200, '9000000242');


-- Inserting fleet data
-- Each business has at least 2 fleets, and each fleet manager manages at least one fleet.
INSERT INTO Fleet (fleet_id, b_id, fm_id, fleet_type, capacity, availability) VALUES
(1, 1, 1, 'Truck', 1000.00, TRUE),
(2, 1, 2, 'Ship', 50000.00, TRUE),
(3, 2, 3, 'Truck', 1500.00, FALSE),
(4, 2, 4, 'Plane', 10000.00, TRUE),
(5, 3, 5, 'Train', 20000.00, TRUE),
(6, 3, 6, 'Truck', 1200.00, FALSE),
(7, 4, 7, 'Ship', 60000.00, TRUE),
(8, 4, 8, 'Truck', 900.00, TRUE),
(9, 5, 9, 'Plane', 8000.00, FALSE),
(10, 5, 10, 'Truck', 1100.00, TRUE),
(11, 6, 11, 'Train', 25000.00, TRUE),
(12, 6, 12, 'Truck', 1300.00, TRUE),
(13, 7, 13, 'Ship', 70000.00, FALSE),
(14, 7, 14, 'Truck', 950.00, TRUE),
(15, 8, 15, 'Plane', 9000.00, TRUE),
(16, 8, 16, 'Truck', 1250.00, TRUE),
(17, 9, 17, 'Train', 30000.00, TRUE),
(18, 9, 18, 'Ship', 55000.00, FALSE),
(19, 10, 19, 'Truck', 1050.00, TRUE),
(20, 10, 20, 'Plane', 12000.00, TRUE),
(21, 11, 21, 'Truck', 1150.00, FALSE),
(22, 11, 22, 'Ship', 65000.00, TRUE),
(23, 12, 23, 'Train', 40000.00, TRUE),
(24, 12, 24, 'Truck', 1350.00, TRUE),
(25, 13, 25, 'Plane', 14000.00, TRUE),
(26, 13, 26, 'Truck', 1250.00, TRUE),
(27, 14, 27, 'Ship', 75000.00, TRUE),
(28, 14, 28, 'Truck', 1450.00, FALSE),
(29, 15, 29, 'Train', 35000.00, TRUE),
(30, 15, 30, 'Plane', 10000.00, TRUE),
(31, 16, 31, 'Truck', 1550.00, TRUE),
(32, 16, 32, 'Ship', 80000.00, TRUE),
(33, 17, 33, 'Truck', 950.00, FALSE),
(34, 17, 34, 'Plane', 10500.00, TRUE),
(35, 18, 35, 'Truck', 1100.00, TRUE),
(36, 18, 36, 'Ship', 85000.00, FALSE),
(37, 19, 37, 'Train', 45000.00, TRUE),
(38, 19, 38, 'Truck', 1400.00, TRUE),
(39, 20, 39, 'Plane', 9000.00, TRUE),
(40, 20, 40, 'Truck', 1200.00, FALSE),
(41, 21, 41, 'Train', 22000.00, TRUE),
(42, 21, 42, 'Ship', 95000.00, TRUE),
(43, 22, 43, 'Truck', 1050.00, FALSE),
(44, 22, 44, 'Plane', 11500.00, TRUE),
(45, 23, 45, 'Train', 32000.00, TRUE),
(46, 23, 46, 'Truck', 1300.00, TRUE),
(47, 24, 47, 'Ship', 67000.00, FALSE),
(48, 24, 48, 'Truck', 1230.00, TRUE),
(49, 25, 49, 'Plane', 15000.00, TRUE),
(50, 25, 50, 'Truck', 1100.00, TRUE),
(51, 26, 51, 'Train', 26000.00, TRUE),
(52, 26, 52, 'Truck', 1350.00, TRUE),
(53, 27, 53, 'Ship', 72000.00, FALSE),
(54, 27, 54, 'Truck', 1200.00, TRUE),
(55, 28, 55, 'Plane', 8000.00, TRUE),
(56, 28, 56, 'Truck', 1080.00, TRUE),
(57, 29, 57, 'Train', 42000.00, FALSE),
(58, 29, 58, 'Truck', 950.00, TRUE),
(59, 30, 59, 'Ship', 77000.00, TRUE),
(60, 30, 60, 'Truck', 1500.00, FALSE),
(61, 31, 61, 'Plane', 10000.00, TRUE),
(62, 31, 62, 'Truck', 1250.00, TRUE),
(63, 32, 63, 'Train', 34000.00, TRUE),
(64, 32, 64, 'Ship', 91000.00, FALSE),
(65, 33, 65, 'Truck', 1180.00, TRUE),
(66, 33, 66, 'Plane', 13000.00, TRUE),
(67, 34, 67, 'Truck', 1450.00, TRUE),
(68, 34, 68, 'Ship', 60000.00, TRUE),
(69, 35, 69, 'Truck', 1320.00, FALSE),
(70, 35, 70, 'Train', 50000.00, TRUE),
(71, 36, 71, 'Plane', 9000.00, TRUE),
(72, 36, 72, 'Truck', 1200.00, TRUE),
(73, 37, 73, 'Ship', 75000.00, TRUE),
(74, 37, 74, 'Truck', 1100.00, FALSE),
(75, 38, 75, 'Train', 48000.00, TRUE),
(76, 38, 76, 'Truck', 1300.00, TRUE),
(77, 39, 77, 'Plane', 12500.00, TRUE),
(78, 39, 78, 'Truck', 1400.00, TRUE),
(79, 40, 79, 'Ship', 87000.00, FALSE),
(80, 40, 80, 'Truck', 1270.00, TRUE),
(81, 41, 81, 'Plane', 11000.00, TRUE),
(82, 41, 82, 'Truck', 1190.00, TRUE),
(83, 42, 83, 'Train', 53000.00, TRUE),
(84, 42, 84, 'Truck', 1300.00, FALSE),
(85, 43, 85, 'Ship', 92000.00, TRUE),
(86, 43, 86, 'Truck', 1250.00, TRUE),
(87, 44, 87, 'Plane', 10000.00, TRUE),
(88, 44, 88, 'Truck', 1050.00, TRUE),
(89, 45, 89, 'Train', 47000.00, FALSE),
(90, 45, 90, 'Truck', 1350.00, TRUE),
(91, 46, 91, 'Ship', 93000.00, TRUE),
(92, 46, 92, 'Truck', 1170.00, FALSE),
(93, 47, 93, 'Plane', 11500.00, TRUE),
(94, 47, 94, 'Truck', 1280.00, TRUE),
(95, 48, 95, 'Train', 37000.00, TRUE),
(96, 48, 96, 'Truck', 1450.00, FALSE),
(97, 49, 97, 'Ship', 81000.00, TRUE),
(98, 49, 98, 'Truck', 1350.00, TRUE),
(99, 50, 99, 'Plane', 13000.00, TRUE),
(100, 50, 100, 'Truck', 1400.00, TRUE);

-- Inserting fleet data for businesses 51 to 100
INSERT INTO Fleet (fleet_id, b_id, fm_id, fleet_type, capacity, availability) VALUES
(101, 51, 1, 'Truck', 1050.00, TRUE),
(102, 51, 2, 'Ship', 60000.00, TRUE),

(103, 52, 3, 'Plane', 11000.00, FALSE),
(104, 52, 4, 'Train', 25000.00, TRUE),

(105, 53, 5, 'Truck', 1300.00, TRUE),
(106, 53, 6, 'Ship', 55000.00, FALSE),

(107, 54, 7, 'Plane', 12500.00, TRUE),
(108, 54, 8, 'Train', 30000.00, TRUE),

(109, 55, 9, 'Truck', 1150.00, TRUE),
(110, 55, 10, 'Ship', 62000.00, FALSE),

(111, 56, 11, 'Plane', 9800.00, TRUE),
(112, 56, 12, 'Train', 27000.00, TRUE),

(113, 57, 13, 'Truck', 1420.00, FALSE),
(114, 57, 14, 'Ship', 58000.00, TRUE),

(115, 58, 15, 'Plane', 13500.00, TRUE),
(116, 58, 16, 'Train', 32000.00, FALSE),

(117, 59, 17, 'Truck', 1250.00, TRUE),
(118, 59, 18, 'Ship', 61000.00, TRUE),

(119, 60, 19, 'Plane', 14000.00, FALSE),
(120, 60, 20, 'Train', 35000.00, TRUE),

(121, 61, 21, 'Truck', 1180.00, TRUE),
(122, 61, 22, 'Ship', 63000.00, FALSE),

(123, 62, 23, 'Plane', 15000.00, TRUE),
(124, 62, 24, 'Train', 28000.00, TRUE),

(125, 63, 25, 'Truck', 1300.00, FALSE),
(126, 63, 26, 'Ship', 64000.00, TRUE),

(127, 64, 27, 'Plane', 14500.00, TRUE),
(128, 64, 28, 'Train', 31000.00, FALSE),

(129, 65, 29, 'Truck', 1270.00, TRUE),
(130, 65, 30, 'Ship', 66000.00, TRUE),

(131, 66, 31, 'Plane', 16000.00, FALSE),
(132, 66, 32, 'Train', 29000.00, TRUE),

(133, 67, 33, 'Truck', 1230.00, TRUE),
(134, 67, 34, 'Ship', 67000.00, FALSE),

(135, 68, 35, 'Plane', 15500.00, TRUE),
(136, 68, 36, 'Train', 34000.00, TRUE),

(137, 69, 37, 'Truck', 1400.00, TRUE),
(138, 69, 38, 'Ship', 70000.00, FALSE),

(139, 70, 39, 'Plane', 17000.00, TRUE),
(140, 70, 40, 'Train', 36000.00, TRUE),

(141, 71, 41, 'Truck', 1320.00, TRUE),
(142, 71, 42, 'Ship', 71000.00, FALSE),

(143, 72, 43, 'Plane', 17500.00, TRUE),
(144, 72, 44, 'Train', 38000.00, TRUE),

(145, 73, 45, 'Truck', 1380.00, TRUE),
(146, 73, 46, 'Ship', 73000.00, FALSE),

(147, 74, 47, 'Plane', 18000.00, TRUE),
(148, 74, 48, 'Train', 39000.00, TRUE),

(149, 75, 49, 'Truck', 1250.00, TRUE),
(150, 75, 50, 'Ship', 75000.00, FALSE),

(151, 76, 51, 'Plane', 18500.00, TRUE),
(152, 76, 52, 'Train', 40000.00, TRUE),

(153, 77, 53, 'Truck', 1400.00, TRUE),
(154, 77, 54, 'Ship', 77000.00, FALSE),

(155, 78, 55, 'Plane', 19000.00, TRUE),
(156, 78, 56, 'Train', 41000.00, TRUE),

(157, 79, 57, 'Truck', 1450.00, TRUE),
(158, 79, 58, 'Ship', 80000.00, FALSE),

(159, 80, 59, 'Plane', 19500.00, TRUE),
(160, 80, 60, 'Train', 42000.00, TRUE),

(161, 81, 61, 'Truck', 1500.00, TRUE),
(162, 81, 62, 'Ship', 82000.00, FALSE),

(163, 82, 63, 'Plane', 20000.00, TRUE),
(164, 82, 64, 'Train', 43000.00, TRUE),

(165, 83, 65, 'Truck', 1550.00, TRUE),
(166, 83, 66, 'Ship', 84000.00, FALSE),

(167, 84, 67, 'Plane', 20500.00, TRUE),
(168, 84, 68, 'Train', 44000.00, TRUE),

(169, 85, 69, 'Truck', 1600.00, TRUE),
(170, 85, 70, 'Ship', 86000.00, FALSE),

(171, 86, 71, 'Plane', 21000.00, TRUE),
(172, 86, 72, 'Train', 45000.00, TRUE),

(173, 87, 73, 'Truck', 1650.00, TRUE),
(174, 87, 74, 'Ship', 88000.00, FALSE),

(175, 88, 75, 'Plane', 21500.00, TRUE),
(176, 88, 76, 'Train', 46000.00, TRUE),

(177, 89, 77, 'Truck', 1700.00, TRUE),
(178, 89, 78, 'Ship', 90000.00, FALSE),

(179, 90, 79, 'Plane', 22000.00, TRUE),
(180, 90, 80, 'Train', 47000.00, TRUE),

(181, 91, 81, 'Truck', 1750.00, TRUE),
(182, 91, 82, 'Ship', 92000.00, FALSE),

(183, 92, 83, 'Plane', 22500.00, TRUE),
(184, 92, 84, 'Train', 48000.00, TRUE),

(185, 93, 85, 'Truck', 1800.00, TRUE),
(186, 93, 86, 'Ship', 94000.00, FALSE),

(187, 94, 87, 'Plane', 23000.00, TRUE),
(188, 94, 88, 'Train', 49000.00, TRUE),

(189, 95, 89, 'Truck', 1850.00, TRUE),
(190, 95, 90, 'Ship', 96000.00, FALSE),

(191, 96, 91, 'Plane', 23500.00, TRUE),
(192, 96, 92, 'Train', 50000.00, TRUE),

(193, 97, 93, 'Truck', 1900.00, TRUE),
(194, 97, 94, 'Ship', 98000.00, FALSE),

(195, 98, 95, 'Plane', 24000.00, TRUE),
(196, 98, 96, 'Train', 51000.00, TRUE),

(197, 99, 97, 'Truck', 1950.00, TRUE),
(198, 99, 98, 'Ship', 100000.00, FALSE),

(199, 100, 99, 'Plane', 24500.00, TRUE),
(200, 100, 100, 'Train', 52000.00, TRUE);

INSERT INTO Worker (w_id, cc_id, experience_level, name, role) VALUES 
(1, 1, 5, 'Ravi Kumar', 'Loader'),
(2, 1, 7, 'Sunita Sharma', 'Cleaner'),
(3, 1, 4, 'Anil Singh', 'Dispatcher'),
(4, 2, 6, 'Li Wei', 'Loader'),
(5, 2, 5, 'Mei Chen', 'Cleaner'),
(6, 2, 3, 'Jian Lin', 'Dispatcher'),
(7, 3, 8, 'Ahmed Khan', 'Loader'),
(8, 3, 4, 'Fatima Bibi', 'Cleaner'),
(9, 3, 5, 'Ali Shaikh', 'Dispatcher'),
(10, 4, 7, 'Carlos Diaz', 'Loader'),
(11, 4, 6, 'Maria Gonzalez', 'Cleaner'),
(12, 4, 4, 'Jose Hernandez', 'Dispatcher'),
(13, 5, 5, 'Yuki Tanaka', 'Loader'),
(14, 5, 6, 'Haruto Sato', 'Cleaner'),
(15, 5, 4, 'Akira Yamamoto', 'Dispatcher'),
(16, 6, 4, 'John Doe', 'Loader'),
(17, 6, 5, 'Jane Smith', 'Cleaner'),
(18, 6, 7, 'Michael Johnson', 'Dispatcher'),
(19, 7, 5, 'Rajiv Gupta', 'Loader'),
(20, 7, 3, 'Priya Singh', 'Cleaner'),
(21, 7, 6, 'Amit Sharma', 'Dispatcher'),
(22, 8, 6, 'Pedro Silva', 'Loader'),
(23, 8, 4, 'Ana Costa', 'Cleaner'),
(24, 8, 5, 'Lucas Rocha', 'Dispatcher'),
(25, 9, 4, 'Wang Feng', 'Loader'),
(26, 9, 7, 'Li Ming', 'Cleaner'),
(27, 9, 6, 'Zhao Wei', 'Dispatcher'),
(28, 10, 5, 'Maria Rossi', 'Loader'),
(29, 10, 3, 'Giuseppe Bianchi', 'Cleaner'),
(30, 10, 4, 'Luca Ferrari', 'Dispatcher');

-- Courier Company 11-20
INSERT INTO Worker (w_id, cc_id, experience_level, name, role) VALUES 
(31, 11, 6, 'Tom Lee', 'Loader'),
(32, 11, 7, 'Emily White', 'Cleaner'),
(33, 11, 5, 'James Brown', 'Dispatcher'),
(34, 12, 4, 'Isabella Rodriguez', 'Loader'),
(35, 12, 6, 'Sophia Martinez', 'Cleaner'),
(36, 12, 5, 'Gabriel Sanchez', 'Dispatcher'),
(37, 13, 7, 'Mohan Verma', 'Loader'),
(38, 13, 3, 'Suresh Patel', 'Cleaner'),
(39, 13, 6, 'Rajesh Khanna', 'Dispatcher'),
(40, 14, 4, 'Oliver Twist', 'Loader'),
(41, 14, 5, 'Harry Potter', 'Cleaner'),
(42, 14, 3, 'Ron Weasley', 'Dispatcher'),
(43, 15, 8, 'Emma Watson', 'Loader'),
(44, 15, 5, 'Chloe Grace', 'Cleaner'),
(45, 15, 6, 'Mia Brown', 'Dispatcher'),
(46, 16, 7, 'Lucas Green', 'Loader'),
(47, 16, 4, 'Nina Blue', 'Cleaner'),
(48, 16, 6, 'Sophie Red', 'Dispatcher'),
(49, 17, 5, 'Leo Black', 'Loader'),
(50, 17, 3, 'Zara Silver', 'Cleaner'),
(51, 17, 7, 'Charlie Gold', 'Dispatcher'),
(52, 18, 6, 'Eva Violet', 'Loader'),
(53, 18, 5, 'Liam Yellow', 'Cleaner'),
(54, 18, 4, 'Mason White', 'Dispatcher'),
(55, 19, 8, 'Alex Crimson', 'Loader'),
(56, 19, 6, 'Grace Peach', 'Cleaner'),
(57, 19, 5, 'Ella Amber', 'Dispatcher'),
(58, 20, 7, 'Arjun Chawla', 'Loader'),
(59, 20, 6, 'Karan Malhotra', 'Cleaner'),
(60, 20, 5, 'Isha Yadav', 'Dispatcher');


-- Courier Company 21-30
INSERT INTO Worker (w_id, cc_id, experience_level, name, role) VALUES 
(61, 21, 4, 'Carlos Mendoza', 'Loader'),
(62, 21, 5, 'Luis Salazar', 'Cleaner'),
(63, 21, 6, 'Ricardo Morales', 'Dispatcher'),
(64, 22, 3, 'Emily Thompson', 'Loader'),
(65, 22, 7, 'Olivia Turner', 'Cleaner'),
(66, 22, 5, 'Sophia Brown', 'Dispatcher'),
(67, 23, 6, 'Marcus Green', 'Loader'),
(68, 23, 4, 'Nathan Lee', 'Cleaner'),
(69, 23, 8, 'Ariana White', 'Dispatcher'),
(70, 24, 5, 'Emma Robinson', 'Loader'),
(71, 24, 6, 'Chloe Cooper', 'Cleaner'),
(72, 24, 4, 'Isabella Walker', 'Dispatcher'),
(73, 25, 7, 'Liam Scott', 'Loader'),
(74, 25, 4, 'Charlotte King', 'Cleaner'),
(75, 25, 5, 'Grace Carter', 'Dispatcher'),
(76, 26, 5, 'Mason Perez', 'Loader'),
(77, 26, 4, 'Jackson Adams', 'Cleaner'),
(78, 26, 6, 'Aiden Mitchell', 'Dispatcher'),
(79, 27, 3, 'Lucas Harris', 'Loader'),
(80, 27, 7, 'Ethan Clark', 'Cleaner'),
(81, 27, 4, 'Benjamin Lee', 'Dispatcher'),
(82, 28, 6, 'Noah Young', 'Loader'),
(83, 28, 5, 'Daniel Gonzalez', 'Cleaner'),
(84, 28, 8, 'Matthew Evans', 'Dispatcher'),
(85, 29, 4, 'James Walker', 'Loader'),
(86, 29, 5, 'Samuel Perez', 'Cleaner'),
(87, 29, 6, 'Henry Wood', 'Dispatcher'),
(88, 30, 7, 'Jack Scott', 'Loader'),
(89, 30, 4, 'Hannah Turner', 'Cleaner'),
(90, 30, 5, 'Emily Lewis', 'Dispatcher');

-- Courier Company 31-40
INSERT INTO Worker (w_id, cc_id, experience_level, name, role) VALUES 
(91, 31, 6, 'Isaac Harris', 'Loader'),
(92, 31, 5, 'Lily Clark', 'Cleaner'),
(93, 31, 4, 'Oliver Wright', 'Dispatcher'),
(94, 32, 7, 'Sophia Martinez', 'Loader'),
(95, 32, 4, 'William Miller', 'Cleaner'),
(96, 32, 5, 'Isaac Green', 'Dispatcher'),
(97, 33, 5, 'Emma Perez', 'Loader'),
(98, 33, 6, 'Grace Turner', 'Cleaner'),
(99, 33, 3, 'Liam Hall', 'Dispatcher'),
(100, 34, 4, 'Lucas Brown', 'Loader'),
(101, 34, 7, 'Noah Clark', 'Cleaner'),
(102, 34, 5, 'Amelia Lopez', 'Dispatcher'),
(103, 35, 6, 'Daniel Robinson', 'Loader'),
(104, 35, 4, 'Samantha Young', 'Cleaner'),
(105, 35, 7, 'Ethan White', 'Dispatcher'),
(106, 36, 5, 'Ella Harris', 'Loader'),
(107, 36, 6, 'Benjamin Adams', 'Cleaner'),
(108, 36, 3, 'Ava Taylor', 'Dispatcher'),
(109, 37, 7, 'Michael Brown', 'Loader'),
(110, 37, 4, 'Charlotte King', 'Cleaner'),
(111, 37, 6, 'David Harris', 'Dispatcher'),
(112, 38, 5, 'James Adams', 'Loader'),
(113, 38, 4, 'Grace Clark', 'Cleaner'),
(114, 38, 6, 'Lucas Walker', 'Dispatcher'),
(115, 39, 6, 'Mia King', 'Loader'),
(116, 39, 5, 'Jackson Davis', 'Cleaner'),
(117, 39, 3, 'Liam Johnson', 'Dispatcher'),
(118, 40, 7, 'Charlotte Scott', 'Loader'),
(119, 40, 4, 'Aiden Wright', 'Cleaner'),
(120, 40, 6, 'Ella Lopez', 'Dispatcher');

-- Courier Company 41-50
INSERT INTO Worker (w_id, cc_id, experience_level, name, role) VALUES 
(121, 41, 4, 'Ethan Parker', 'Loader'),
(122, 41, 5, 'Amelia Young', 'Cleaner'),
(123, 41, 6, 'Jack Martinez', 'Dispatcher'),
(124, 42, 6, 'Lucas Taylor', 'Loader'),
(125, 42, 5, 'Benjamin Lewis', 'Cleaner'),
(126, 42, 4, 'Sophia Harris', 'Dispatcher'),
(127, 43, 7, 'Oliver Brown', 'Loader'),
(128, 43, 4, 'Emily Miller', 'Cleaner'),
(129, 43, 5, 'Jacob Lee', 'Dispatcher'),
(130, 44, 5, 'Liam Gonzalez', 'Loader'),
(131, 44, 6, 'Eva Williams', 'Cleaner'),
(132, 44, 3, 'Emma Walker', 'Dispatcher'),
(133, 45, 4, 'Emily Lopez', 'Loader'),
(134, 45, 5, 'Oliver Johnson', 'Cleaner'),
(135, 45, 7, 'Sophie White', 'Dispatcher'),
(136, 46, 6, 'Mason Brown', 'Loader'),
(137, 46, 4, 'Benjamin Green', 'Cleaner'),
(138, 46, 7, 'Isabella Clark', 'Dispatcher'),
(139, 47, 5, 'Mia Adams', 'Loader'),
(140, 47, 6, 'Liam White', 'Cleaner'),
(141, 47, 3, 'Zara Green', 'Dispatcher'),
(142, 48, 6, 'Ava Williams', 'Loader'),
(143, 48, 5, 'Amelia Brown', 'Cleaner'),
(144, 48, 7, 'Ella Martinez', 'Dispatcher'),
(145, 49, 4, 'Samantha Davis', 'Loader'),
(146, 49, 5, 'James Lewis', 'Cleaner'),
(147, 49, 3, 'Lucas Lee', 'Dispatcher'),
(148, 50, 7, 'Benjamin Walker', 'Loader'),
(149, 50, 6, 'Charlotte Adams', 'Cleaner'),
(150, 50, 4, 'Ella King', 'Dispatcher');

-- Courier Company 51-60
INSERT INTO Worker (w_id, cc_id, experience_level, name, role) VALUES 
(151, 51, 5, 'Ethan Taylor', 'Loader'),
(152, 51, 4, 'Lily Clark', 'Cleaner'),
(153, 51, 6, 'Oliver Harris', 'Dispatcher'),
(154, 52, 6, 'Ava Martinez', 'Loader'),
(155, 52, 4, 'Sophia Wright', 'Cleaner'),
(156, 52, 5, 'James Turner', 'Dispatcher'),
(157, 53, 7, 'Benjamin Green', 'Loader'),
(158, 53, 5, 'Olivia Robinson', 'Cleaner'),
(159, 53, 4, 'Daniel Scott', 'Dispatcher'),
(160, 54, 5, 'Jackson Young', 'Loader'),
(161, 54, 6, 'Charlotte Walker', 'Cleaner'),
(162, 54, 4, 'Lucas Brown', 'Dispatcher'),
(163, 55, 5, 'Benjamin Lee', 'Loader'),
(164, 55, 7, 'Sophia Adams', 'Cleaner'),
(165, 55, 3, 'Aiden Green', 'Dispatcher'),
(166, 56, 6, 'Amelia King', 'Loader'),
(167, 56, 5, 'Noah Lopez', 'Cleaner'),
(168, 56, 7, 'Sophie Perez', 'Dispatcher'),
(169, 57, 4, 'James Walker', 'Loader'),
(170, 57, 5, 'Isabella Brown', 'Cleaner'),
(171, 57, 3, 'Zoe Young', 'Dispatcher'),
(172, 58, 7, 'Daniel Clark', 'Loader'),
(173, 58, 6, 'Mia Martinez', 'Cleaner'),
(174, 58, 5, 'Lucas Green', 'Dispatcher'),
(175, 59, 6, 'Olivia Scott', 'Loader'),
(176, 59, 4, 'James Harris', 'Cleaner'),
(177, 59, 7, 'Emma Lee', 'Dispatcher'),
(178, 60, 6, 'Charlotte King', 'Loader'),
(179, 60, 5, 'Benjamin Taylor', 'Cleaner'),
(180, 60, 4, 'Isabella Adams', 'Dispatcher');

-- Courier Company 61-70
INSERT INTO Worker (w_id, cc_id, experience_level, name, role) VALUES 
(181, 61, 4, 'Mason Lee', 'Loader'),
(182, 61, 5, 'Aiden Walker', 'Cleaner'),
(183, 61, 6, 'Lily Brown', 'Dispatcher'),
(184, 62, 6, 'Sophia Young', 'Loader'),
(185, 62, 4, 'Olivia Scott', 'Cleaner'),
(186, 62, 7, 'James Turner', 'Dispatcher'),
(187, 63, 5, 'Benjamin Martinez', 'Loader'),
(188, 63, 4, 'Ethan Adams', 'Cleaner'),
(189, 63, 6, 'Charlotte Green', 'Dispatcher'),
(190, 64, 5, 'Isabella Perez', 'Loader'),
(191, 64, 7, 'Amelia Harris', 'Cleaner'),
(192, 64, 3, 'Zoe White', 'Dispatcher'),
(193, 65, 6, 'Lucas Johnson', 'Loader'),
(194, 65, 5, 'Sophie Green', 'Cleaner'),
(195, 65, 4, 'Ethan Clark', 'Dispatcher'),
(196, 66, 7, 'Grace Brown', 'Loader'),
(197, 66, 4, 'Benjamin Walker', 'Cleaner'),
(198, 66, 6, 'Jackson Lee', 'Dispatcher'),
(199, 67, 5, 'Isabella Taylor', 'Loader'),
(200, 67, 6, 'Aiden Williams', 'Cleaner'),
(201, 67, 4, 'Sophia Scott', 'Dispatcher'),
(202, 68, 6, 'Amelia Young', 'Loader'),
(203, 68, 5, 'Mason Brown', 'Cleaner'),
(204, 68, 4, 'Olivia Walker', 'Dispatcher'),
(205, 69, 7, 'Liam Green', 'Loader'),
(206, 69, 5, 'Daniel King', 'Cleaner'),
(207, 69, 6, 'Charlotte Lopez', 'Dispatcher'),
(208, 70, 4, 'Zoe Harris', 'Loader'),
(209, 70, 7, 'Emma Walker', 'Cleaner'),
(210, 70, 5, 'Lucas Mitchell', 'Dispatcher');

-- Courier Company 71-80
INSERT INTO Worker (w_id, cc_id, experience_level, name, role) VALUES 
(211, 71, 6, 'Sophie Turner', 'Loader'),
(212, 71, 5, 'Benjamin Scott', 'Cleaner'),
(213, 71, 7, 'Samantha Green', 'Dispatcher'),
(214, 72, 4, 'Grace Walker', 'Loader'),
(215, 72, 5, 'Isabella Adams', 'Cleaner'),
(216, 72, 6, 'James Brown', 'Dispatcher'),
(217, 73, 7, 'Charlotte King', 'Loader'),
(218, 73, 6, 'Liam Taylor', 'Cleaner'),
(219, 73, 5, 'Aiden Harris', 'Dispatcher'),
(220, 74, 5, 'Daniel White', 'Loader'),
(221, 74, 4, 'Emily Green', 'Cleaner'),
(222, 74, 7, 'Mia Scott', 'Dispatcher'),
(223, 75, 6, 'Olivia Williams', 'Loader'),
(224, 75, 7, 'Isabella Johnson', 'Cleaner'),
(225, 75, 4, 'Sophia Lee', 'Dispatcher'),
(226, 76, 6, 'James Adams', 'Loader'),
(227, 76, 5, 'Liam Harris', 'Cleaner'),
(228, 76, 4, 'Ethan Brown', 'Dispatcher'),
(229, 77, 5, 'Lucas Young', 'Loader'),
(230, 77, 6, 'Aiden King', 'Cleaner'),
(231, 77, 7, 'Charlotte Lopez', 'Dispatcher'),
(232, 78, 6, 'Amelia Walker', 'Loader'),
(233, 78, 4, 'Benjamin Scott', 'Cleaner'),
(234, 78, 5, 'Lily White', 'Dispatcher'),
(235, 79, 4, 'Sophia Harris', 'Loader'),
(236, 79, 7, 'Isabella Green', 'Cleaner'),
(237, 79, 6, 'Olivia Clark', 'Dispatcher'),
(238, 80, 5, 'James Lopez', 'Loader'),
(239, 80, 7, 'Charlotte Brown', 'Cleaner'),
(240, 80, 4, 'Liam Mitchell', 'Dispatcher');

-- Courier Company 81-90
INSERT INTO Worker (w_id, cc_id, experience_level, name, role) VALUES 
(241, 81, 5, 'Lucas Williams', 'Loader'),
(242, 81, 4, 'Sophia King', 'Cleaner'),
(243, 81, 6, 'Mason White', 'Dispatcher'),
(244, 82, 6, 'Grace Scott', 'Loader'),
(245, 82, 5, 'Isabella Green', 'Cleaner'),
(246, 82, 4, 'Benjamin Walker', 'Dispatcher'),
(247, 83, 7, 'Charlotte Harris', 'Loader'),
(248, 83, 6, 'James Adams', 'Cleaner'),
(249, 83, 5, 'Daniel Lopez', 'Dispatcher'),
(250, 84, 5, 'Ethan King', 'Loader'),
(251, 84, 6, 'Sophia Mitchell', 'Cleaner'),
(252, 84, 7, 'Lucas White', 'Dispatcher'),
(253, 85, 6, 'Mia Williams', 'Loader'),
(254, 85, 4, 'Liam Clark', 'Cleaner'),
(255, 85, 5, 'Aiden Johnson', 'Dispatcher'),
(256, 86, 7, 'Charlotte Turner', 'Loader'),
(257, 86, 4, 'Benjamin King', 'Cleaner'),
(258, 86, 5, 'Isabella Perez', 'Dispatcher'),
(259, 87, 6, 'James Green', 'Loader'),
(260, 87, 7, 'Emma Harris', 'Cleaner'),
(261, 87, 4, 'Mason Brown', 'Dispatcher'),
(262, 88, 5, 'Lucas White', 'Loader'),
(263, 88, 4, 'Sophia Brown', 'Cleaner'),
(264, 88, 6, 'Daniel Taylor', 'Dispatcher'),
(265, 89, 6, 'Isabella Scott', 'Loader'),
(266, 89, 7, 'James Green', 'Cleaner'),
(267, 89, 4, 'Lily Harris', 'Dispatcher'),
(268, 90, 5, 'Mason Lopez', 'Loader'),
(269, 90, 6, 'Amelia Adams', 'Cleaner'),
(270, 90, 7, 'Lucas Turner', 'Dispatcher');

-- Courier Company 91-100
INSERT INTO Worker (w_id, cc_id, experience_level, name, role) VALUES 
(271, 91, 7, 'Sophie Green', 'Loader'),
(272, 91, 6, 'James White', 'Cleaner'),
(273, 91, 4, 'Liam Brown', 'Dispatcher'),
(274, 92, 5, 'Amelia Scott', 'Loader'),
(275, 92, 6, 'Sophia Green', 'Cleaner'),
(276, 92, 7, 'Isabella Harris', 'Dispatcher'),
(277, 93, 5, 'Lucas Brown', 'Loader'),
(278, 93, 4, 'Benjamin Lopez', 'Cleaner'),
(279, 93, 6, 'Daniel Williams', 'Dispatcher'),
(280, 94, 7, 'Olivia Harris', 'Loader'),
(281, 94, 5, 'James Green', 'Cleaner'),
(282, 94, 4, 'Sophie Taylor', 'Dispatcher'),
(283, 95, 5, 'Charlotte Walker', 'Loader'),
(284, 95, 6, 'Liam Turner', 'Cleaner'),
(285, 95, 4, 'Isabella Clark', 'Dispatcher'),
(286, 96, 7, 'Lucas Johnson', 'Loader'),
(287, 96, 5, 'Emma Williams', 'Cleaner'),
(288, 96, 6, 'Benjamin Brown', 'Dispatcher'),
(289, 97, 5, 'James White', 'Loader'),
(290, 97, 4, 'Sophia Green', 'Cleaner'),
(291, 97, 6, 'Mia Lopez', 'Dispatcher'),
(292, 98, 7, 'Aiden Harris', 'Loader'),
(293, 98, 5, 'Charlotte Taylor', 'Cleaner'),
(294, 98, 4, 'Benjamin Williams', 'Dispatcher'),
(295, 99, 6, 'Sophie Turner', 'Loader'),
(296, 99, 5, 'Lucas Scott', 'Cleaner'),
(297, 99, 7, 'Isabella White', 'Dispatcher'),
(298, 100, 4, 'Olivia Green', 'Loader'),
(299, 100, 6, 'Amelia Walker', 'Cleaner'),
(300, 100, 5, 'Daniel Harris', 'Dispatcher');

INSERT INTO WorkerContact (worcon_id, w_id, mob_no) VALUES
(1, 1, '9876543210'),
(2, 2, '9876543211'),
(3, 3, '9876543212'),
(4, 4, '9876543213'),
(5, 5, '9876543214'),
(6, 6, '9876543215'),
(7, 7, '9876543216'),
(8, 8, '9876543217'),
(9, 9, '9876543218'),
(10, 10, '9876543219'),
(11, 11, '9876543220'),
(12, 12, '9876543221'),
(13, 13, '9876543222'),
(14, 14, '9876543223'),
(15, 15, '9876543224'),
(16, 16, '9876543225'),
(17, 17, '9876543226'),
(18, 18, '9876543227'),
(19, 19, '9876543228'),
(20, 20, '9876543229'),
(21, 21, '9876543230'),
(22, 22, '9876543231'),
(23, 23, '9876543232'),
(24, 24, '9876543233'),
(25, 25, '9876543234'),
(26, 26, '9876543235'),
(27, 27, '9876543236'),
(28, 28, '9876543237'),
(29, 29, '9876543238'),
(30, 30, '9876543239'),
(31, 31, '9876543240'),
(32, 32, '9876543241'),
(33, 33, '9876543242'),
(34, 34, '9876543243'),
(35, 35, '9876543244'),
(36, 36, '9876543245'),
(37, 37, '9876543246'),
(38, 38, '9876543247'),
(39, 39, '9876543248'),
(40, 40, '9876543249'),
(41, 41, '9876543250'),
(42, 42, '9876543251'),
(43, 43, '9876543252'),
(44, 44, '9876543253'),
(45, 45, '9876543254'),
(46, 46, '9876543255'),
(47, 47, '9876543256'),
(48, 48, '9876543257'),
(49, 49, '9876543258'),
(50, 50, '9876543259'),
(51, 51, '9876543260'),
(52, 52, '9876543261'),
(53, 53, '9876543262'),
(54, 54, '9876543263'),
(55, 55, '9876543264'),
(56, 56, '9876543265'),
(57, 57, '9876543266'),
(58, 58, '9876543267'),
(59, 59, '9876543268'),
(60, 60, '9876543269'),
(61, 61, '9876543270'),
(62, 62, '9876543271'),
(63, 63, '9876543272'),
(64, 64, '9876543273'),
(65, 65, '9876543274'),
(66, 66, '9876543275'),
(67, 67, '9876543276'),
(68, 68, '9876543277'),
(69, 69, '9876543278'),
(70, 70, '9876543279'),
(71, 71, '9876543280'),
(72, 72, '9876543281'),
(73, 73, '9876543282'),
(74, 74, '9876543283'),
(75, 75, '9876543284'),
(76, 76, '9876543285'),
(77, 77, '9876543286'),
(78, 78, '9876543287'),
(79, 79, '9876543288'),
(80, 80, '9876543289'),
(81, 81, '9876543290'),
(82, 82, '9876543291'),
(83, 83, '9876543292'),
(84, 84, '9876543293'),
(85, 85, '9876543294'),
(86, 86, '9876543295'),
(87, 87, '9876543296'),
(88, 88, '9876543297'),
(89, 89, '9876543298'),
(90, 90, '9876543299'),
(91, 91, '9876543300'),
(92, 92, '9876543301'),
(93, 93, '9876543302'),
(94, 94, '9876543303'),
(95, 95, '9876543304'),
(96, 96, '9876543305'),
(97, 97, '9876543306'),
(98, 98, '9876543307'),
(99, 99, '9876543308'),
(100, 100, '9876543309'),
(101, 101, '9876543310'),
(102, 102, '9876543311'),
(103, 103, '9876543312'),
(104, 104, '9876543313'),
(105, 105, '9876543314'),
(106, 106, '9876543315'),
(107, 107, '9876543316'),
(108, 108, '9876543317'),
(109, 109, '9876543318'),
(110, 110, '9876543319'),
(111, 111, '9876543320'),
(112, 112, '9876543321'),
(113, 113, '9876543322'),
(114, 114, '9876543323'),
(115, 115, '9876543324'),
(116, 116, '9876543325'),
(117, 117, '9876543326'),
(118, 118, '9876543327'),
(119, 119, '9876543328'),
(120, 120, '9876543329'),
(121, 121, '9876543330'),
(122, 122, '9876543331'),
(123, 123, '9876543332'),
(124, 124, '9876543333'),
(125, 125, '9876543334'),
(126, 126, '9876543335'),
(127, 127, '9876543336'),
(128, 128, '9876543337'),
(129, 129, '9876543338'),
(130, 130, '9876543339'),
(131, 131, '9876543340'),
(132, 132, '9876543341'),
(133, 133, '9876543342'),
(134, 134, '9876543343'),
(135, 135, '9876543344'),
(136, 136, '9876543345'),
(137, 137, '9876543346'),
(138, 138, '9876543347'),
(139, 139, '9876543348'),
(140, 140, '9876543349'),
(141, 141, '9876543350'),
(142, 142, '9876543351'),
(143, 143, '9876543352'),
(144, 144, '9876543353'),
(145, 145, '9876543354'),
(146, 146, '9876543355'),
(147, 147, '9876543356'),
(148, 148, '9876543357'),
(149, 149, '9876543358'),
(150, 150, '9876543359'),
(151, 151, '9876543360'),
(152, 152, '9876543361'),
(153, 153, '9876543362'),
(154, 154, '9876543363'),
(155, 155, '9876543364'),
(156, 156, '9876543365'),
(157, 157, '9876543366'),
(158, 158, '9876543367'),
(159, 159, '9876543368'),
(160, 160, '9876543369'),
(161, 161, '9876543370'),
(162, 162, '9876543371'),
(163, 163, '9876543372'),
(164, 164, '9876543373'),
(165, 165, '9876543374'),
(166, 166, '9876543375'),
(167, 167, '9876543376'),
(168, 168, '9876543377'),
(169, 169, '9876543378'),
(170, 170, '9876543379'),
(171, 171, '9876543380'),
(172, 172, '9876543381'),
(173, 173, '9876543382'),
(174, 174, '9876543383'),
(175, 175, '9876543384'),
(176, 176, '9876543385'),
(177, 177, '9876543386'),
(178, 178, '9876543387'),
(179, 179, '9876543388'),
(180, 180, '9876543389'),
(181, 181, '9876543390'),
(182, 182, '9876543391'),
(183, 183, '9876543392'),
(184, 184, '9876543393'),
(185, 185, '9876543394'),
(186, 186, '9876543395'),
(187, 187, '9876543396'),
(188, 188, '9876543397'),
(189, 189, '9876543398'),
(190, 190, '9876543399'),
(191, 191, '9876543400'),
(192, 192, '9876543401'),
(193, 193, '9876543402'),
(194, 194, '9876543403'),
(195, 195, '9876543404'),
(196, 196, '9876543405'),
(197, 197, '9876543406'),
(198, 198, '9876543407'),
(199, 199, '9876543408'),
(200, 200, '9876543409'),
(201, 201, '9876543410'),
(202, 202, '9876543411'),
(203, 203, '9876543412'),
(204, 204, '9876543413'),
(205, 205, '9876543414'),
(206, 206, '9876543415'),
(207, 207, '9876543416'),
(208, 208, '9876543417'),
(209, 209, '9876543418'),
(210, 210, '9876543419'),
(211, 211, '9876543420'),
(212, 212, '9876543421'),
(213, 213, '9876543422'),
(214, 214, '9876543423'),
(215, 215, '9876543424'),
(216, 216, '9876543425'),
(217, 217, '9876543426'),
(218, 218, '9876543427'),
(219, 219, '9876543428'),
(220, 220, '9876543429'),
(221, 221, '9876543430'),
(222, 222, '9876543431'),
(223, 223, '9876543432'),
(224, 224, '9876543433'),
(225, 225, '9876543434'),
(226, 226, '9876543435'),
(227, 227, '9876543436'),
(228, 228, '9876543437'),
(229, 229, '9876543438'),
(230, 230, '9876543439'),
(231, 231, '9876543440'),
(232, 232, '9876543441'),
(233, 233, '9876543442'),
(234, 234, '9876543443'),
(235, 235, '9876543444'),
(236, 236, '9876543445'),
(237, 237, '9876543446'),
(238, 238, '9876543447'),
(239, 239, '9876543448'),
(240, 240, '9876543449'),
(241, 241, '9876543450'),
(242, 242, '9876543451'),
(243, 243, '9876543452'),
(244, 244, '9876543453'),
(245, 245, '9876543454'),
(246, 246, '9876543455'),
(247, 247, '9876543456'),
(248, 248, '9876543457'),
(249, 249, '9876543458'),
(250, 250, '9876543459'),
(251, 251, '9876543460'),
(252, 252, '9876543461'),
(253, 253, '9876543462'),
(254, 254, '9876543463'),
(255, 255, '9876543464'),
(256, 256, '9876543465'),
(257, 257, '9876543466'),
(258, 258, '9876543467'),
(259, 259, '9876543468'),
(260, 260, '9876543469'),
(261, 261, '9876543470'),
(262, 262, '9876543471'),
(263, 263, '9876543472'),
(264, 264, '9876543473'),
(265, 265, '9876543474'),
(266, 266, '9876543475'),
(267, 267, '9876543476'),
(268, 268, '9876543477'),
(269, 269, '9876543478'),
(270, 270, '9876543479'),
(271, 271, '9876543480'),
(272, 272, '9876543481'),
(273, 273, '9876543482'),
(274, 274, '9876543483'),
(275, 275, '9876543484'),
(276, 276, '9876543485'),
(277, 277, '9876543486'),
(278, 278, '9876543487'),
(279, 279, '9876543488'),
(280, 280, '9876543489'),
(281, 281, '9876543490'),
(282, 282, '9876543491'),
(283, 283, '9876543492'),
(284, 284, '9876543493'),
(285, 285, '9876543494'),
(286, 286, '9876543495'),
(287, 287, '9876543496'),
(288, 288, '9876543497'),
(289, 289, '9876543498'),
(290, 290, '9876543499'),
(291, 291, '9876543500'),
(292, 292, '9876543501'),
(293, 293, '9876543502'),
(294, 294, '9876543503'),
(295, 295, '9876543504'),
(296, 296, '9876543505'),
(297, 297, '9876543506'),
(298, 298, '9876543507'),
(299, 299, '9876543508'),
(300, 300, '9876543509');

INSERT INTO Receiver (r_id, name, address, email) 
VALUES 
(101, 'Aarav Patel', '123 Gandhi Road, Ahmedabad, Gujarat, India', 'aarav.patel@email.com'),
(2, 'Siti Nurhaliza', 'Kuala Lumpur, Malaysia', 'siti.nurhaliza@email.com'),
(3, 'John Smith', '45 Baker Street, London, UK', 'john.smith@email.com'),
(4, 'Maria González', 'Calle Mayor 123, Madrid, Spain', 'maria.gonzalez@email.com'),
(5, 'Ahmed Al-Farsi', 'Muscat, Oman', 'ahmed.alfarsi@email.com'),
(6, 'Zainab Muhammad', 'Abuja, Nigeria', 'zainab.muhammad@email.com'),
(7, 'Li Wei', 'Shanghai, China', 'li.wei@email.com'),
(8, 'David Cohen', 'Tel Aviv, Israel', 'david.cohen@email.com'),
(9, 'Ravi Kumar', 'Banaras, Uttar Pradesh, India', 'ravi.kumar@email.com'),
(10, 'Lucia Rossi', 'Rome, Italy', 'lucia.rossi@email.com'),
(11, 'Nguyễn Thị Mai', 'Ho Chi Minh City, Vietnam', 'nguyen.mai@email.com'),
(12, 'Omar Farouk', 'Cairo, Egypt', 'omar.farouk@email.com'),
(13, 'John Doe', 'New York, USA', 'john.doe@email.com'),
(14, 'Ayesha Khan', 'Karachi, Pakistan', 'ayesha.khan@email.com'),
(15, 'Giuseppe Verdi', 'Naples, Italy', 'giuseppe.verdi@email.com'),
(16, 'Yuki Tanaka', 'Tokyo, Japan', 'yuki.tanaka@email.com'),
(17, 'Ali Hassan', 'Istanbul, Turkey', 'ali.hassan@email.com'),
(18, 'Anjali Desai', 'Mumbai, Maharashtra, India', 'anjali.desai@email.com'),
(19, 'Tariq Aziz', 'Lahore, Pakistan', 'tariq.aziz@email.com'),
(20, 'Laila Ali', 'London, UK', 'laila.ali@email.com'),
(21, 'Fatima Al-Amiri', 'Abu Dhabi, UAE', 'fatima.ali@email.com'),
(22, 'Javier Martínez', 'Barcelona, Spain', 'javier.martinez@email.com'),
(23, 'Chen Wei', 'Beijing, China', 'chen.wei@email.com'),
(24, 'Isaac Levy', 'Jerusalem, Israel', 'isaac.levy@email.com'),
(25, 'Rajesh Yadav', 'Chennai, Tamil Nadu, India', 'rajesh.yadav@email.com'),
(26, 'Kumar Tiwari', 'Varanasi, Uttar Pradesh, India', 'kumar.tiwari@email.com'),
(27, 'Rebecca Black', 'Chicago, USA', 'rebecca.black@email.com'),
(28, 'Patricia Pérez', 'Mexico City, Mexico', 'patricia.perez@email.com'),
(29, 'Salim Bin Ali', 'Muscat, Oman', 'salim.binali@email.com'),
(30, 'Sophie Johnson', 'Sydney, Australia', 'sophie.johnson@email.com'),
(31, 'Rosa Hernández', 'Buenos Aires, Argentina', 'rosa.hernandez@email.com'),
(32, 'Nadia Jamil', 'Karachi, Pakistan', 'nadia.jamil@email.com'),
(33, 'Tenzin Gyatso', 'Lhasa, Tibet', 'tenzin.gyatso@email.com'),
(34, 'Moses Cohen', 'Tel Aviv, Israel', 'moses.cohen@email.com'),
(35, 'Pedro Fernández', 'Seville, Spain', 'pedro.fernandez@email.com'),
(36, 'Eva Müller', 'Berlin, Germany', 'eva.mueller@email.com'),
(37, 'Isaiah King', 'London, UK', 'isaiah.king@email.com'),
(38, 'Aliyu Bello', 'Abuja, Nigeria', 'aliyu.bello@email.com'),
(39, 'Mila Petrovic', 'Belgrade, Serbia', 'mila.petrovic@email.com'),
(40, 'Luis Rodríguez', 'Madrid, Spain', 'luis.rodriguez@email.com'),
(41, 'Chun Lee', 'Taipei, Taiwan', 'chun.lee@email.com'),
(42, 'Emil Madsen', 'Copenhagen, Denmark', 'emil.madsen@email.com'),
(43, 'Fawziyah Rashid', 'Dubai, UAE', 'fawziyah.rashid@email.com'),
(44, 'Samantha Brown', 'Los Angeles, USA', 'samantha.brown@email.com'),
(45, 'Vera Ivanova', 'Moscow, Russia', 'vera.ivanova@email.com'),
(46, 'Haruto Suzuki', 'Osaka, Japan', 'haruto.suzuki@email.com'),
(47, 'Salvador Martín', 'Sevilla, Spain', 'salvador.martin@email.com'),
(48, 'Gabriel Torres', 'Santiago, Chile', 'gabriel.torres@email.com'),
(49, 'Sunita Devi', 'Lucknow, Uttar Pradesh, India', 'sunita.devi@email.com'),
(50, 'Zara Khan', 'Karachi, Pakistan', 'zara.khan@email.com'),
(51, 'Mikhail Petrov', 'Minsk, Belarus', 'mikhail.petrov@email.com'),
(52, 'Zoe Williams', 'Bristol, UK', 'zoe.williams@email.com'),
(53, 'Alexandre Dupont', 'Paris, France', 'alexandre.dupont@email.com'),
(54, 'Nina Papadopoulos', 'Athens, Greece', 'nina.papadopoulos@email.com'),
(55, 'Khalid Bin Sultan', 'Doha, Qatar', 'khalid.sultan@email.com'),
(56, 'Yara Martins', 'São Paulo, Brazil', 'yara.martins@email.com'),
(57, 'David Mulenga', 'Lusaka, Zambia', 'david.mulenga@email.com'),
(58, 'Rahul Sharma', 'New Delhi, India', 'rahul.sharma@email.com'),
(59, 'Mina Tanaka', 'Kyoto, Japan', 'mina.tanaka@email.com'),
(60, 'Diana Costa', 'Rio de Janeiro, Brazil', 'diana.costa@email.com'),
(61, 'Jade Wu', 'Hong Kong', 'jade.wu@email.com'),
(62, 'Yasir Ali', 'Karachi, Pakistan', 'yasir.ali@email.com'),
(63, 'Anna Peterson', 'Stockholm, Sweden', 'anna.peterson@email.com'),
(64, 'Gabriela Silva', 'Porto Alegre, Brazil', 'gabriela.silva@email.com'),
(65, 'Benoit Lemoine', 'Lyon, France', 'benoit.lemoine@email.com'),
(66, 'Emilie Lefevre', 'Marseille, France', 'emilie.lefevre@email.com'),
(67, 'Ali Siddiqui', 'Hyderabad, India', 'ali.siddiqui@email.com'),
(68, 'Eva Sánchez', 'Madrid, Spain', 'eva.sanchez@email.com'),
(69, 'Jorge Lopez', 'Valencia, Spain', 'jorge.lopez@email.com'),
(70, 'Khady Ndiaye', 'Dakar, Senegal', 'khady.ndiaye@email.com'),
(71, 'Jakub Kowalski', 'Warsaw, Poland', 'jakub.kowalski@email.com'),
(72, 'Sofia Almeida', 'Lisbon, Portugal', 'sofia.almeida@email.com'),
(73, 'Marta Sánchez', 'Barcelona, Spain', 'marta.sanchez@email.com'),
(74, 'Paulo Souza', 'São Paulo, Brazil', 'paulo.souza@email.com'),
(75, 'Ursula Müller', 'Zurich, Switzerland', 'ursula.mueller@email.com'),
(76, 'Farida Sharif', 'Cairo, Egypt', 'farida.sharif@email.com'),
(77, 'Joaquín Rodríguez', 'Santiago, Chile', 'joaquin.rodriguez@email.com'),
(78, 'Oliver Anderson', 'Chicago, USA', 'oliver.anderson@email.com'),
(79, 'Markus Janssen', 'Helsinki, Finland', 'markus.janssen@email.com'),
(80, 'Sandro Ricci', 'Florence, Italy', 'sandro.ricci@email.com'),
(81, 'Saeed Noor', 'Amman, Jordan', 'saeed.noor@email.com'),
(82, 'Claire Dubois', 'Paris, France', 'claire.dubois@email.com'),
(83, 'Pierre Lefevre', 'Brussels, Belgium', 'pierre.lefevre@email.com'),
(84, 'Natalia Ivankova', 'Moscow, Russia', 'natalia.ivankova@email.com'),
(85, 'Anwar Karim', 'Dhaka, Bangladesh', 'anwar.karim@email.com'),
(86, 'Bruna Oliveira', 'Porto, Portugal', 'bruna.oliveira@email.com'),
(87, 'David Mumba', 'Lusaka, Zambia', 'david.mumba@email.com'),
(88, 'Shadi Hassan', 'Amman, Jordan', 'shadi.hassan@email.com'),
(89, 'Kenza Bensalah', 'Casablanca, Morocco', 'kenza.bensalah@email.com'),
(90, 'Rocio Ruiz', 'Mexico City, Mexico', 'rocio.ruiz@email.com'),
(91, 'Catherine Brown', 'London, UK', 'catherine.brown@email.com'),
(92, 'Léo Almeida', 'Rio de Janeiro, Brazil', 'leo.almeida@email.com'),
(93, 'Zeynep Kaya', 'Istanbul, Turkey', 'zeynep.kaya@email.com'),
(94, 'Khaled Abdullah', 'Abu Dhabi, UAE', 'khaled.abdullah@email.com'),
(95, 'Luigi Santoro', 'Naples, Italy', 'luigi.santoro@email.com'),
(96, 'Jin Wu', 'Shanghai, China', 'jin.wu@email.com'),
(97, 'Helen Clark', 'Wellington, New Zealand', 'helen.clark@email.com'),
(98, 'Samuel Ojo', 'Lagos, Nigeria', 'samuel.ojo@email.com'),
(99, 'Veronique Dufresne', 'Montreal, Canada', 'veronique.dufresne@email.com'),
(100, 'Hassan Jaffer', 'Lahore, Pakistan', 'hassan.jaffer@email.com');


INSERT INTO ReceiverContact (recon_id, r_id, mob_no) 
VALUES 
(1, 1, '9876543210'),
(2, 2, '9123456789'),
(3, 3, '9234567890'),
(4, 4, '9345678901'),
(5, 5, '9456789012'),
(6, 6, '9567890123'),
(7, 7, '9678901234'),
(8, 8, '9789012345'),
(9, 9, '9890123456'),
(10, 10, '9901234567'),
(11, 11, '9012345678'),
(12, 12, '9123456780'),
(13, 13, '9234567891'),
(14, 14, '9345678902'),
(15, 15, '9456789013'),
(16, 16, '9567890124'),
(17, 17, '9678901235'),
(18, 18, '9789012346'),
(19, 19, '9890123457'),
(20, 20, '9901234568'),
(21, 21, '9012345679'),
(22, 22, '9123456781'),
(23, 23, '9234567892'),
(24, 24, '9345678903'),
(25, 25, '9456789014'),
(26, 26, '9567890125'),
(27, 27, '9678901236'),
(28, 28, '9789012347'),
(29, 29, '9890123458'),
(30, 30, '9901234569'),
(31, 31, '9012345680'),
(32, 32, '9123456782'),
(33, 33, '9234567893'),
(34, 34, '9345678904'),
(35, 35, '9456789015'),
(36, 36, '9567890126'),
(37, 37, '9678901237'),
(38, 38, '9789012348'),
(39, 39, '9890123459'),
(40, 40, '9901234570'),
(41, 41, '9012345681'),
(42, 42, '9123456783'),
(43, 43, '9234567894'),
(44, 44, '9345678905'),
(45, 45, '9456789016'),
(46, 46, '9567890127'),
(47, 47, '9678901238'),
(48, 48, '9789012349'),
(49, 49, '9890123460'),
(50, 50, '9901234571'),
(51, 51, '9012345682'),
(52, 52, '9123456784'),
(53, 53, '9234567895'),
(54, 54, '9345678906'),
(55, 55, '9456789017'),
(56, 56, '9567890128'),
(57, 57, '9678901239'),
(58, 58, '9789012350'),
(59, 59, '9890123461'),
(60, 60, '9901234572'),
(61, 61, '9012345683'),
(62, 62, '9123456785'),
(63, 63, '9234567896'),
(64, 64, '9345678907'),
(65, 65, '9456789018'),
(66, 66, '9567890129'),
(67, 67, '9678901240'),
(68, 68, '9789012351'),
(69, 69, '9890123462'),
(70, 70, '9901234573'),
(71, 71, '9012345684'),
(72, 72, '9123456786'),
(73, 73, '9234567897'),
(74, 74, '9345678908'),
(75, 75, '9456789019'),
(76, 76, '9567890130'),
(77, 77, '9678901241'),
(78, 78, '9789012352'),
(79, 79, '9890123463'),
(80, 80, '9901234574'),
(81, 81, '9012345685'),
(82, 82, '9123456787'),
(83, 83, '9234567898'),
(84, 84, '9345678909'),
(85, 85, '9456789020'),
(86, 86, '9567890131'),
(87, 87, '9678901242'),
(88, 88, '9789012353'),
(89, 89, '9890123464'),
(90, 90, '9901234575'),
(91, 91, '9012345686'),
(92, 92, '9123456788'),
(93, 93, '9234567899'),
(94, 94, '9345678910'),
(95, 95, '9456789021'),
(96, 96, '9567890132'),
(97, 97, '9678901243'),
(98, 98, '9789012354'),
(99, 99, '9890123465'),
(100, 100, '9901234576');


INSERT INTO Insurance (i_id, policy_number, expiry_date) 
VALUES 
(1, 'POLICY001', '2025-01-07'),
(2, 'POLICY002', '2025-02-07'),
(3, 'POLICY003', '2025-03-07'),
(4, 'POLICY004', '2025-04-07'),
(5, 'POLICY005', '2025-05-07'),
(6, 'POLICY006', '2025-06-07'),
(7, 'POLICY007', '2025-07-07'),
(8, 'POLICY008', '2025-08-07'),
(9, 'POLICY009', '2025-09-07'),
(10, 'POLICY010', '2025-10-07'),
(11, 'POLICY011', '2025-11-07'),
(12, 'POLICY012', '2025-12-07'),
(13, 'POLICY013', '2025-01-15'),
(14, 'POLICY014', '2025-02-15'),
(15, 'POLICY015', '2025-03-15'),
(16, 'POLICY016', '2025-04-15'),
(17, 'POLICY017', '2025-05-15'),
(18, 'POLICY018', '2025-06-15'),
(19, 'POLICY019', '2025-07-15'),
(20, 'POLICY020', '2025-08-15'),
(21, 'POLICY021', '2025-09-15'),
(22, 'POLICY022', '2025-10-15'),
(23, 'POLICY023', '2025-11-15'),
(24, 'POLICY024', '2025-12-15'),
(25, 'POLICY025', '2025-01-22'),
(26, 'POLICY026', '2025-02-22'),
(27, 'POLICY027', '2025-03-22'),
(28, 'POLICY028', '2025-04-22'),
(29, 'POLICY029', '2025-05-22'),
(30, 'POLICY030', '2025-06-22'),
(31, 'POLICY031', '2025-07-22'),
(32, 'POLICY032', '2025-08-22'),
(33, 'POLICY033', '2025-09-22'),
(34, 'POLICY034', '2025-10-22'),
(35, 'POLICY035', '2025-11-22'),
(36, 'POLICY036', '2025-12-22'),
(37, 'POLICY037', '2025-01-30'),
(38, 'POLICY038', '2025-02-28'),
(39, 'POLICY039', '2025-03-30'),
(40, 'POLICY040', '2025-04-30'),
(41, 'POLICY041', '2025-05-30'),
(42, 'POLICY042', '2025-06-30'),
(43, 'POLICY043', '2025-07-30'),
(44, 'POLICY044', '2025-08-30'),
(45, 'POLICY045', '2025-09-30'),
(46, 'POLICY046', '2025-10-30'),
(47, 'POLICY047', '2025-11-30'),
(48, 'POLICY048', '2025-12-30'),
(49, 'POLICY049', '2025-01-05'),
(50, 'POLICY050', '2025-02-05'),
(51, 'POLICY051', '2025-03-05'),
(52, 'POLICY052', '2025-04-05'),
(53, 'POLICY053', '2025-05-05'),
(54, 'POLICY054', '2025-06-05'),
(55, 'POLICY055', '2025-07-05'),
(56, 'POLICY056', '2025-08-05'),
(57, 'POLICY057', '2025-09-05'),
(58, 'POLICY058', '2025-10-05'),
(59, 'POLICY059', '2025-11-05'),
(60, 'POLICY060', '2025-12-05'),
(61, 'POLICY061', '2025-01-14'),
(62, 'POLICY062', '2025-02-14'),
(63, 'POLICY063', '2025-03-14'),
(64, 'POLICY064', '2025-04-14'),
(65, 'POLICY065', '2025-05-14'),
(66, 'POLICY066', '2025-06-14'),
(67, 'POLICY067', '2025-07-14'),
(68, 'POLICY068', '2025-08-14'),
(69, 'POLICY069', '2025-09-14'),
(70, 'POLICY070', '2025-10-14'),
(71, 'POLICY071', '2025-11-14'),
(72, 'POLICY072', '2025-12-14'),
(73, 'POLICY073', '2025-01-21'),
(74, 'POLICY074', '2025-02-21'),
(75, 'POLICY075', '2025-03-21'),
(76, 'POLICY076', '2025-04-21'),
(77, 'POLICY077', '2025-05-21'),
(78, 'POLICY078', '2025-06-21'),
(79, 'POLICY079', '2025-07-21'),
(80, 'POLICY080', '2025-08-21'),
(81, 'POLICY081', '2025-09-21'),
(82, 'POLICY082', '2025-10-21'),
(83, 'POLICY083', '2025-11-21'),
(84, 'POLICY084', '2025-12-21'),
(85, 'POLICY085', '2025-01-28'),
(86, 'POLICY086', '2025-02-28'),
(87, 'POLICY087', '2025-03-28'),
(88, 'POLICY088', '2025-04-28'),
(89, 'POLICY089', '2025-05-28'),
(90, 'POLICY090', '2025-06-28'),
(91, 'POLICY091', '2025-07-28'),
(92, 'POLICY092', '2025-08-28'),
(93, 'POLICY093', '2025-09-28'),
(94, 'POLICY094', '2025-10-28'),
(95, 'POLICY095', '2025-11-28'),
(96, 'POLICY096', '2025-12-28'),
(97, 'POLICY097', '2025-01-04'),
(98, 'POLICY098', '2025-02-04'),
(99, 'POLICY099', '2025-03-04'),
(100, 'POLICY100', '2025-04-04');


INSERT INTO Shipment (s_id, c_id, r_id, weight, destination, source, status, cost, tracking_number)
VALUES
(1, 1, 1, 5.50, 'New York', 'Los Angeles', 'Ordered', 150.00, 'TN001'),
(2, 2, 2, 8.20, 'Chicago', 'Miami', 'Shipped', 200.00, 'TN002'),
(3, 3, 3, 10.00, 'Houston', 'Dallas', 'Received', 250.00, 'TN003'),
(4, 4, 4, 6.75, 'San Francisco', 'San Diego', 'Ordered', 175.00, 'TN004'),
(5, 5, 5, 12.30, 'Seattle', 'Portland', 'Shipped', 225.00, 'TN005'),
(6, 6, 6, 7.40, 'Boston', 'New York', 'Received', 180.00, 'TN006'),
(7, 7, 7, 9.00, 'Los Angeles', 'Chicago', 'Ordered', 160.00, 'TN007'),
(8, 8, 8, 13.20, 'Miami', 'Houston', 'Shipped', 220.00, 'TN008'),
(9, 9, 9, 5.60, 'Dallas', 'San Francisco', 'Received', 140.00, 'TN009'),
(10, 10, 10, 11.00, 'Portland', 'Seattle', 'Ordered', 200.00, 'TN010'),
(11, 11, 11, 7.50, 'Chicago', 'Los Angeles', 'Shipped', 185.00, 'TN011'),
(12, 12, 12, 10.50, 'San Diego', 'Houston', 'Received', 210.00, 'TN012'),
(13, 13, 13, 8.90, 'New York', 'Portland', 'Ordered', 170.00, 'TN013'),
(14, 14, 14, 6.60, 'Seattle', 'San Diego', 'Shipped', 160.00, 'TN014'),
(15, 15, 15, 5.80, 'Los Angeles', 'Chicago', 'Received', 150.00, 'TN015'),
(16, 16, 16, 7.30, 'Houston', 'New York', 'Ordered', 180.00, 'TN016'),
(17, 17, 17, 9.70, 'Miami', 'Dallas', 'Shipped', 190.00, 'TN017'),
(18, 18, 18, 12.60, 'San Francisco', 'Los Angeles', 'Received', 230.00, 'TN018'),
(19, 19, 19, 8.40, 'Chicago', 'San Francisco', 'Ordered', 175.00, 'TN019'),
(20, 20, 20, 10.10, 'Portland', 'Houston', 'Shipped', 210.00, 'TN020'),
(21, 21, 21, 11.20, 'Dallas', 'Miami', 'Received', 240.00, 'TN021'),
(22, 22, 22, 7.80, 'San Diego', 'Chicago', 'Ordered', 195.00, 'TN022'),
(23, 23, 23, 9.50, 'Los Angeles', 'Portland', 'Shipped', 215.00, 'TN023'),
(24, 24, 24, 6.80, 'Houston', 'New York', 'Received', 185.00, 'TN024'),
(25, 25, 25, 10.40, 'Chicago', 'San Diego', 'Ordered', 205.00, 'TN025'),
(26, 26, 26, 12.10, 'Seattle', 'Houston', 'Shipped', 225.00, 'TN026'),
(27, 27, 27, 9.60, 'Portland', 'Dallas', 'Received', 190.00, 'TN027'),
(28, 28, 28, 7.90, 'San Francisco', 'Los Angeles', 'Ordered', 165.00, 'TN028'),
(29, 29, 29, 11.50, 'Chicago', 'Miami', 'Shipped', 220.00, 'TN029'),
(30, 30, 30, 8.30, 'Houston', 'Portland', 'Received', 195.00, 'TN030'),
(31, 31, 31, 10.90, 'San Diego', 'Dallas', 'Ordered', 210.00, 'TN031'),
(32, 32, 32, 6.50, 'Seattle', 'San Francisco', 'Shipped', 180.00, 'TN032'),
(33, 33, 33, 12.80, 'Los Angeles', 'Chicago', 'Received', 235.00, 'TN033'),
(34, 34, 34, 8.70, 'Portland', 'New York', 'Ordered', 200.00, 'TN034'),
(35, 35, 35, 9.90, 'Dallas', 'Miami', 'Shipped', 210.00, 'TN035'),
(36, 36, 36, 10.60, 'San Francisco', 'San Diego', 'Received', 230.00, 'TN036'),
(37, 37, 37, 7.60, 'Houston', 'Los Angeles', 'Ordered', 185.00, 'TN037'),
(38, 38, 38, 5.90, 'Chicago', 'Portland', 'Shipped', 170.00, 'TN038'),
(39, 39, 39, 12.00, 'Miami', 'Dallas', 'Received', 220.00, 'TN039'),
(40, 40, 40, 9.10, 'San Diego', 'Chicago', 'Ordered', 195.00, 'TN040'),
(41, 41, 41, 8.10, 'Seattle', 'San Francisco', 'Shipped', 180.00, 'TN041'),
(42, 42, 42, 7.10, 'Los Angeles', 'Houston', 'Received', 175.00, 'TN042'),
(43, 43, 43, 10.70, 'Portland', 'Miami', 'Ordered', 210.00, 'TN043'),
(44, 44, 44, 12.90, 'Dallas', 'Los Angeles', 'Shipped', 235.00, 'TN044'),
(45, 45, 45, 8.00, 'San Francisco', 'Portland', 'Received', 190.00, 'TN045'),
(46, 46, 46, 10.20, 'Houston', 'Chicago', 'Ordered', 200.00, 'TN046'),
(47, 47, 47, 7.30, 'Miami', 'San Diego', 'Shipped', 180.00, 'TN047'),
(48, 48, 48, 9.80, 'San Diego', 'Houston', 'Received', 215.00, 'TN048'),
(49, 49, 49, 10.00, 'Chicago', 'Seattle', 'Ordered', 210.00, 'TN049'),
(50, 50, 50, 8.50, 'Portland', 'Los Angeles', 'Shipped', 190.00, 'TN050'),

(51, 51, 51, 7.40, 'San Francisco', 'Houston', 'Received', 185.00, 'TN051'),
(52, 52, 52, 9.30, 'Dallas', 'Portland', 'Ordered', 200.00, 'TN052'),
(53, 53, 53, 11.70, 'Los Angeles', 'San Diego', 'Shipped', 215.00, 'TN053'),
(54, 54, 54, 8.20, 'Houston', 'Miami', 'Received', 190.00, 'TN054'),
(55, 55, 55, 10.40, 'Seattle', 'Chicago', 'Ordered', 205.00, 'TN055'),
(56, 56, 56, 7.80, 'Chicago', 'Los Angeles', 'Shipped', 180.00, 'TN056'),
(57, 57, 57, 9.40, 'San Diego', 'Portland', 'Received', 195.00, 'TN057'),
(58, 58, 58, 10.50, 'Miami', 'Houston', 'Ordered', 200.00, 'TN058'),
(59, 59, 59, 7.90, 'Portland', 'San Francisco', 'Shipped', 185.00, 'TN059'),
(60, 60, 60, 8.80, 'Dallas', 'Chicago', 'Received', 170.00, 'TN060');

INSERT INTO Shipment (s_id, c_id, r_id, weight, destination, source, status, cost, tracking_number)
VALUES
(61, 61, 61, 6.80, 'San Francisco', 'Houston', 'Ordered', 185.00, 'TN061'),
(62, 62, 62, 11.30, 'Dallas', 'San Diego', 'Shipped', 215.00, 'TN062'),
(63, 63, 63, 9.20, 'Los Angeles', 'Portland', 'Received', 190.00, 'TN063'),
(64, 64, 64, 7.10, 'Houston', 'Seattle', 'Ordered', 175.00, 'TN064'),
(65, 65, 65, 10.90, 'Miami', 'San Diego', 'Shipped', 210.00, 'TN065'),
(66, 66, 66, 8.60, 'San Diego', 'Chicago', 'Received', 195.00, 'TN066'),
(67, 67, 67, 5.80, 'Portland', 'Dallas', 'Ordered', 170.00, 'TN067'),
(68, 68, 68, 9.70, 'Chicago', 'Los Angeles', 'Shipped', 205.00, 'TN068'),
(69, 69, 69, 10.20, 'San Francisco', 'Miami', 'Received', 210.00, 'TN069'),
(70, 70, 70, 8.10, 'Dallas', 'Portland', 'Ordered', 180.00, 'TN070'),
(71, 71, 71, 9.30, 'Los Angeles', 'San Francisco', 'Shipped', 195.00, 'TN071'),
(72, 72, 72, 7.40, 'San Diego', 'Houston', 'Received', 185.00, 'TN072'),
(73, 73, 73, 11.10, 'Miami', 'Chicago', 'Ordered', 215.00, 'TN073'),
(74, 74, 74, 10.50, 'Portland', 'San Diego', 'Shipped', 200.00, 'TN074'),
(75, 75, 75, 6.90, 'Dallas', 'San Francisco', 'Received', 175.00, 'TN075'),
(76, 76, 76, 7.60, 'San Diego', 'Los Angeles', 'Ordered', 180.00, 'TN076'),
(77, 77, 77, 9.80, 'Chicago', 'Portland', 'Shipped', 210.00, 'TN077'),
(78, 78, 78, 8.40, 'Houston', 'Seattle', 'Received', 190.00, 'TN078'),
(79, 79, 79, 10.80, 'Miami', 'Dallas', 'Ordered', 220.00, 'TN079'),
(80, 80, 80, 6.50, 'San Francisco', 'Chicago', 'Shipped', 185.00, 'TN080'),
(81, 81, 81, 7.80, 'Los Angeles', 'San Diego', 'Received', 195.00, 'TN081'),
(82, 82, 82, 9.40, 'Portland', 'Houston', 'Ordered', 205.00, 'TN082'),
(83, 83, 83, 8.30, 'Dallas', 'San Francisco', 'Shipped', 180.00, 'TN083'),
(84, 84, 84, 6.20, 'Chicago', 'Los Angeles', 'Received', 175.00, 'TN084'),
(85, 85, 85, 9.00, 'San Diego', 'Miami', 'Ordered', 200.00, 'TN085'),
(86, 86, 86, 10.40, 'Seattle', 'Portland', 'Shipped', 210.00, 'TN086'),
(87, 87, 87, 7.30, 'Portland', 'San Diego', 'Received', 190.00, 'TN087'),
(88, 88, 88, 11.00, 'Los Angeles', 'Houston', 'Ordered', 215.00, 'TN088'),
(89, 89, 89, 9.50, 'San Francisco', 'Chicago', 'Shipped', 195.00, 'TN089'),
(90, 90, 90, 6.70, 'Houston', 'San Diego', 'Received', 180.00, 'TN090'),
(91, 91, 91, 7.90, 'Chicago', 'Dallas', 'Ordered', 190.00, 'TN091'),
(92, 92, 92, 10.60, 'San Diego', 'Portland', 'Shipped', 210.00, 'TN092'),
(93, 93, 93, 9.20, 'Seattle', 'Miami', 'Received', 200.00, 'TN093'),
(94, 94, 94, 6.80, 'Portland', 'Los Angeles', 'Ordered', 175.00, 'TN094'),
(95, 95, 95, 8.50, 'Chicago', 'San Francisco', 'Shipped', 180.00, 'TN095'),
(96, 96, 96, 7.60, 'San Diego', 'Chicago', 'Received', 185.00, 'TN096'),
(97, 97, 97, 10.90, 'Miami', 'Los Angeles', 'Ordered', 215.00, 'TN097'),
(98, 98, 98, 8.10, 'Portland', 'Dallas', 'Shipped', 190.00, 'TN098'),
(99, 99, 99, 11.50, 'San Francisco', 'Houston', 'Received', 220.00, 'TN099'),
(100, 100, 100, 9.80, 'Los Angeles', 'San Diego', 'Ordered', 200.00, 'TN100');


INSERT INTO Insurance (i_id, policy_number, coverage_amount, expiry_date)
VALUES
(1, 'POLICY001', 9.25, CURRENT_DATE + INTERVAL '6 MONTH'),
(2, 'POLICY002', 9.50, CURRENT_DATE + INTERVAL '3 MONTH'),
(3, 'POLICY003', 9.00, CURRENT_DATE + INTERVAL '9 MONTH'),
(4, 'POLICY004', 9.75, CURRENT_DATE + INTERVAL '1 YEAR'),
(5, 'POLICY005', 9.25, CURRENT_DATE + INTERVAL '7 MONTH'),
(6, 'POLICY006', 9.50, CURRENT_DATE + INTERVAL '5 MONTH'),
(7, 'POLICY007', 9.00, CURRENT_DATE + INTERVAL '6 MONTH'),
(8, 'POLICY008', 9.75, CURRENT_DATE + INTERVAL '4 MONTH'),
(9, 'POLICY009', 10.00, CURRENT_DATE + INTERVAL '8 MONTH'),
(10, 'POLICY010', 9.50, CURRENT_DATE + INTERVAL '2 MONTH'),
(11, 'POLICY011', 9.50, CURRENT_DATE + INTERVAL '3 MONTH'),
(12, 'POLICY012', 9.75, CURRENT_DATE + INTERVAL '6 MONTH'),
(13, 'POLICY013', 9.00, CURRENT_DATE + INTERVAL '9 MONTH'),
(14, 'POLICY014', 9.25, CURRENT_DATE + INTERVAL '7 MONTH'),
(15, 'POLICY015', 9.00, CURRENT_DATE + INTERVAL '5 MONTH'),
(16, 'POLICY016', 9.50, CURRENT_DATE + INTERVAL '1 YEAR'),
(17, 'POLICY017', 9.75, CURRENT_DATE + INTERVAL '4 MONTH'),
(18, 'POLICY018', 9.00, CURRENT_DATE + INTERVAL '2 MONTH'),
(19, 'POLICY019', 9.25, CURRENT_DATE + INTERVAL '8 MONTH'),
(20, 'POLICY020', 9.50, CURRENT_DATE + INTERVAL '6 MONTH'),
(21, 'POLICY021', 9.75, CURRENT_DATE + INTERVAL '7 MONTH'),
(22, 'POLICY022', 9.25, CURRENT_DATE + INTERVAL '9 MONTH'),
(23, 'POLICY023', 9.50, CURRENT_DATE + INTERVAL '10 MONTH'),
(24, 'POLICY024', 9.00, CURRENT_DATE + INTERVAL '11 MONTH'),
(25, 'POLICY025', 9.50, CURRENT_DATE + INTERVAL '1 YEAR'),
(26, 'POLICY026', 9.75, CURRENT_DATE + INTERVAL '6 MONTH'),
(27, 'POLICY027', 9.00, CURRENT_DATE + INTERVAL '8 MONTH'),
(28, 'POLICY028', 9.25, CURRENT_DATE + INTERVAL '9 MONTH'),
(29, 'POLICY029', 9.50, CURRENT_DATE + INTERVAL '5 MONTH'),
(30, 'POLICY030', 9.00, CURRENT_DATE + INTERVAL '7 MONTH'),
(31, 'POLICY031', 9.25, CURRENT_DATE + INTERVAL '8 MONTH'),
(32, 'POLICY032', 9.50, CURRENT_DATE + INTERVAL '6 MONTH'),
(33, 'POLICY033', 9.75, CURRENT_DATE + INTERVAL '4 MONTH'),
(34, 'POLICY034', 9.00, CURRENT_DATE + INTERVAL '9 MONTH'),
(35, 'POLICY035', 9.25, CURRENT_DATE + INTERVAL '5 MONTH'),
(36, 'POLICY036', 9.50, CURRENT_DATE + INTERVAL '2 MONTH'),
(37, 'POLICY037', 9.00, CURRENT_DATE + INTERVAL '6 MONTH'),
(38, 'POLICY038', 9.75, CURRENT_DATE + INTERVAL '8 MONTH'),
(39, 'POLICY039', 9.00, CURRENT_DATE + INTERVAL '7 MONTH'),
(40, 'POLICY040', 9.25, CURRENT_DATE + INTERVAL '5 MONTH'),
(41, 'POLICY041', 9.50, CURRENT_DATE + INTERVAL '1 YEAR'),
(42, 'POLICY042', 9.00, CURRENT_DATE + INTERVAL '3 MONTH'),
(43, 'POLICY043', 9.75, CURRENT_DATE + INTERVAL '4 MONTH'),
(44, 'POLICY044', 9.25, CURRENT_DATE + INTERVAL '6 MONTH'),
(45, 'POLICY045', 9.50, CURRENT_DATE + INTERVAL '2 MONTH'),
(46, 'POLICY046', 9.00, CURRENT_DATE + INTERVAL '5 MONTH'),
(47, 'POLICY047', 9.25, CURRENT_DATE + INTERVAL '7 MONTH'),
(48, 'POLICY048', 9.50, CURRENT_DATE + INTERVAL '6 MONTH'),
(49, 'POLICY049', 9.00, CURRENT_DATE + INTERVAL '3 MONTH'),
(50, 'POLICY050', 9.25, CURRENT_DATE + INTERVAL '10 MONTH'),
(51, 'POLICY051', 9.50, CURRENT_DATE + INTERVAL '8 MONTH'),
(52, 'POLICY052', 9.75, CURRENT_DATE + INTERVAL '9 MONTH'),
(53, 'POLICY053', 9.00, CURRENT_DATE + INTERVAL '6 MONTH'),
(54, 'POLICY054', 9.25, CURRENT_DATE + INTERVAL '2 MONTH'),
(55, 'POLICY055', 9.50, CURRENT_DATE + INTERVAL '1 YEAR'),
(56, 'POLICY056', 9.00, CURRENT_DATE + INTERVAL '5 MONTH'),
(57, 'POLICY057', 9.25, CURRENT_DATE + INTERVAL '7 MONTH'),
(58, 'POLICY058', 9.50, CURRENT_DATE + INTERVAL '8 MONTH'),
(59, 'POLICY059', 9.00, CURRENT_DATE + INTERVAL '4 MONTH'),
(60, 'POLICY060', 9.25, CURRENT_DATE + INTERVAL '6 MONTH'),
(61, 'POLICY061', 9.50, CURRENT_DATE + INTERVAL '9 MONTH'),
(62, 'POLICY062', 9.75, CURRENT_DATE + INTERVAL '1 YEAR'),
(63, 'POLICY063', 9.00, CURRENT_DATE + INTERVAL '6 MONTH'),
(64, 'POLICY064', 9.25, CURRENT_DATE + INTERVAL '3 MONTH'),
(65, 'POLICY065', 9.50, CURRENT_DATE + INTERVAL '7 MONTH'),
(66, 'POLICY066', 9.00, CURRENT_DATE + INTERVAL '5 MONTH'),
(67, 'POLICY067', 9.75, CURRENT_DATE + INTERVAL '6 MONTH'),
(68, 'POLICY068', 9.25, CURRENT_DATE + INTERVAL '2 MONTH'),
(69, 'POLICY069', 9.50, CURRENT_DATE + INTERVAL '3 MONTH'),
(70, 'POLICY070', 9.00, CURRENT_DATE + INTERVAL '1 YEAR'),
(71, 'POLICY071', 9.75, CURRENT_DATE + INTERVAL '4 MONTH'),
(72, 'POLICY072', 9.25, CURRENT_DATE + INTERVAL '8 MONTH'),
(73, 'POLICY073', 9.50, CURRENT_DATE + INTERVAL '7 MONTH'),
(74, 'POLICY074', 9.00, CURRENT_DATE + INTERVAL '5 MONTH'),
(75, 'POLICY075', 9.25, CURRENT_DATE + INTERVAL '10 MONTH'),
(76, 'POLICY076', 9.50, CURRENT_DATE + INTERVAL '6 MONTH'),
(77, 'POLICY077', 9.00, CURRENT_DATE + INTERVAL '2 MONTH'),
(78, 'POLICY078', 9.75, CURRENT_DATE + INTERVAL '1 YEAR'),
(79, 'POLICY079', 9.25, CURRENT_DATE + INTERVAL '8 MONTH'),
(80, 'POLICY080', 9.50, CURRENT_DATE + INTERVAL '9 MONTH'),
(81, 'POLICY081', 9.00, CURRENT_DATE + INTERVAL '7 MONTH'),
(82, 'POLICY082', 9.25, CURRENT_DATE + INTERVAL '3 MONTH'),
(83, 'POLICY083', 9.50, CURRENT_DATE + INTERVAL '1 YEAR'),
(84, 'POLICY084', 9.00, CURRENT_DATE + INTERVAL '5 MONTH'),
(85, 'POLICY085', 9.25, CURRENT_DATE + INTERVAL '2 MONTH'),
(86, 'POLICY086', 9.50, CURRENT_DATE + INTERVAL '10 MONTH'),
(87, 'POLICY087', 9.00, CURRENT_DATE + INTERVAL '9 MONTH'),
(88, 'POLICY088', 9.25, CURRENT_DATE + INTERVAL '6 MONTH'),
(89, 'POLICY089', 9.50, CURRENT_DATE + INTERVAL '4 MONTH'),
(90, 'POLICY090', 9.00, CURRENT_DATE + INTERVAL '7 MONTH'),
(91, 'POLICY091', 9.75, CURRENT_DATE + INTERVAL '8 MONTH'),
(92, 'POLICY092', 9.25, CURRENT_DATE + INTERVAL '6 MONTH'),
(93, 'POLICY093', 9.50, CURRENT_DATE + INTERVAL '3 MONTH'),
(94, 'POLICY094', 9.00, CURRENT_DATE + INTERVAL '4 MONTH'),
(95, 'POLICY095', 9.25, CURRENT_DATE + INTERVAL '5 MONTH'),
(96, 'POLICY096', 9.50, CURRENT_DATE + INTERVAL '2 MONTH'),
(97, 'POLICY097', 9.00, CURRENT_DATE + INTERVAL '6 MONTH'),
(98, 'POLICY098', 9.25, CURRENT_DATE + INTERVAL '9 MONTH'),
(99, 'POLICY099', 9.50, CURRENT_DATE + INTERVAL '7 MONTH'),
(100, 'POLICY100', 9.00, CURRENT_DATE + INTERVAL '1 YEAR');


INSERT INTO Inventory (imv_id, quantity, allocation)
VALUES
(2, 200.75, 20),
(3, 150.30, 15),
(4, 300.60, 25),
(5, 120.90, 12),
(6, 250.10, 18),
(7, 180.40, 17),
(8, 400.80, 30),
(9, 220.60, 22),
(10, 210.55, 21),
(11, 190.25, 19),
(12, 300.95, 28),
(13, 110.85, 11),
(14, 250.20, 24),
(15, 240.50, 23),
(16, 170.75, 16),
(17, 320.80, 29),
(18, 150.95, 14),
(19, 300.60, 26),
(20, 210.90, 20),
(21, 180.35, 18),
(22, 220.80, 22),
(23, 230.40, 23),
(24, 200.25, 20),
(25, 240.75, 25),
(26, 120.10, 12),
(27, 260.50, 27),
(28, 350.80, 28),
(29, 140.60, 14),
(30, 220.70, 22),
(31, 310.90, 31),
(32, 280.20, 28),
(33, 190.40, 19),
(34, 320.60, 32),
(35, 240.10, 24),
(36, 180.50, 18),
(37, 250.30, 25),
(38, 300.75, 30),
(39, 130.60, 13),
(40, 170.90, 17),
(41, 310.50, 31),
(42, 250.90, 25),
(43, 290.40, 29),
(44, 200.10, 20),
(45, 240.20, 24),
(46, 180.75, 18),
(47, 270.30, 27),
(48, 320.40, 32),
(49, 300.85, 30),
(50, 250.60, 25),
(51, 130.80, 13),
(52, 230.70, 23),
(53, 190.30, 19),
(54, 220.40, 22),
(55, 260.60, 26),
(56, 180.90, 18),
(57, 240.80, 24),
(58, 300.95, 30),
(59, 110.20, 11),
(60, 220.30, 22),
(61, 270.40, 27),
(62, 300.75, 30),
(63, 150.50, 15),
(64, 200.80, 20),
(65, 250.95, 25),
(66, 130.40, 13),
(67, 320.75, 32),
(68, 180.25, 18),
(69, 240.50, 24),
(70, 190.75, 19),
(71, 220.60, 22),
(72, 300.60, 30),
(73, 250.30, 25),
(74, 110.75, 11),
(75, 270.60, 27),
(76, 200.20, 20),
(77, 320.85, 32),
(78, 180.40, 18),
(79, 230.50, 23),
(80, 290.75, 29),
(81, 250.10, 25),
(82, 300.90, 30),
(83, 140.75, 14),
(84, 210.60, 21),
(85, 170.25, 17),
(86, 240.30, 24),
(87, 250.90, 25),
(88, 220.75, 22),
(89, 180.50, 18),
(90, 310.90, 31),
(91, 240.60, 24),
(92, 220.40, 22),
(93, 290.60, 29),
(94, 240.10, 24),
(95, 300.20, 30),
(96, 270.90, 27),
(97, 200.80, 20),
(98, 250.60, 25),
(99, 230.40, 23),
(100, 320.75, 32),
(101, 100.50, 10);

--Stored procedure to update the shipment table
DO $$ 
DECLARE
    i INT;
BEGIN
    FOR i IN 1..100 LOOP
        UPDATE Shipment
        SET 
            i_id = i,  -- Insurance id matches the shipment id
            imv_id = FLOOR(RANDOM() * 100) + 1,  -- Random imv_id between 1 and 100
            fleet_id = FLOOR(RANDOM() * 200) + 1  -- Random fleet_id between 1 and 202
        WHERE s_id = i;
    END LOOP;
END $$;

INSERT INTO PortAuthorityProcessShipments (pca_id, s_id) 
SELECT 
    FLOOR(RANDOM() * 101) + 1,  -- Random pca_id between 1 and 101
    FLOOR(RANDOM() * 100) + 1   -- Random s_id between 1 and 100
FROM generate_series(1, 100);  -- Generate 100 random rows


INSERT INTO CourierCompanyShipsShipment (cc_id, s_id) 
SELECT 
    FLOOR(RANDOM() * 100) + 1,  -- Random cc_id between 1 and 100
    FLOOR(RANDOM() * 100) + 1   -- Random s_id between 1 and 100
FROM generate_series(1, 100);  -- Generate 100 random rows

INSERT INTO PersonnelOperatesFleet (p_id, fleet_id) 
SELECT 
    FLOOR(RANDOM() * 200) + 1,  -- Random p_id between 1 and 200
    FLOOR(RANDOM() * 200) + 1   -- Random fleet_id between 1 and 200
FROM generate_series(1, 200);  -- Generate 200 random rows


INSERT INTO WorkerLoadsFleet (w_id, fleet_id) 
SELECT 
    FLOOR(RANDOM() * 300) + 1,  -- Random w_id between 1 and 300
    FLOOR(RANDOM() * 200) + 1   -- Random fleet_id between 1 and 200
FROM generate_series(1, 300);  -- Generate 300 random rows
